job title,company names,location,employment type,links
Data Analyst,Confidential -,"Qalyub, Qalubia, Egypt",Full Time,https://wuzzuf.net/jobs/p/HuI799zbHggN-Data-Analyst-Qalubia-Egypt
Data Analyst,Ashtar Tech    -,"New Capital, Cairo, Egypt",Full Time,https://wuzzuf.net/jobs/p/YIXR0gEBWgoV-Data-Analyst-Ashtar-Tech-Cairo-Egypt
Senior Data Analyst,El-nour for vegetable and fruits supplies  -,"Obour City, Cairo, Egypt",Full Time,https://wuzzuf.net/jobs/p/PCyyrNSXcE55-Senior-Data-Analyst-El-nour-for-vegetable-and-fruits-supplies-Cairo-Egypt
Data Analyst,Qureos -,"Cairo, Egypt",Full Time,https://wuzzuf.net/jobs/p/0l7TXCo99jgR-Data-Analyst-Qureos-Cairo-Egypt
Data Analyst,Engosoft -,"Nasr City, Cairo, Egypt",Full Time,https://wuzzuf.net/jobs/p/LdZE6ayufqTy-Data-Analyst-Engosoft-Cairo-Egypt
Data Analyst,Optimarc pharma -,"Sheraton, Cairo, Egypt",Full Time,https://wuzzuf.net/jobs/p/9NWyJ3Y2xjZx-Data-Analyst-Optimarc-pharma-Cairo-Egypt
Data Analyst,Confidential -,"Mohandessin, Giza, Egypt",Full Time,https://wuzzuf.net/jobs/p/ewn4cDHL1bUW-Data-Analyst-Giza-Egypt
Data Analyst,CRIF EGYPT -,"Heliopolis, Cairo, Egypt",Full Time,https://wuzzuf.net/jobs/p/AXcIDiTsKSWn-Data-Analyst-CRIF-EGYPT-Cairo-Egypt
Data Analyst Team Leader,3Sixty -,"Mohandessin, Giza, Egypt",Full Time,https://wuzzuf.net/jobs/p/HN6h2CLSlb04-Data-Analyst-Team-Leader-3Sixty-Giza-Egypt
Business Data Analyst,Fawry Plus -,"Smart Village, Giza, Egypt",Full Time,https://wuzzuf.net/jobs/p/kvMsx40qvLZl-Business-Data-Analyst-Fawry-Plus-Giza-Egypt
MIS & Planning Analyst,B.TECH -,"Nasr City, Cairo, Egypt",Full Time,https://wuzzuf.net/jobs/p/UQRIAsfBrWVd-MIS-Planning-Analyst-B-TECH-Cairo-Egypt
Business Analyst,Transformation Experts -,"Cairo, Egypt",Full Time,https://wuzzuf.net/jobs/p/tL6I6Ub7YI8p-Business-Analyst-Transformation-Experts-Cairo-Egypt
Data/Business Analyst Intern,kafiil -,"Maadi, Cairo, Egypt",Freelance / Project,https://wuzzuf.net/internship/NXl1N6zwtmSd-DataBusiness-Analyst-Intern-kafiil-Cairo-Egypt
Financial Data Analyst,Influence Communication -,"Maadi, Cairo, Egypt",Internship,https://wuzzuf.net/jobs/p/pDJ6Rtkhmt6y-Financial-Data-Analyst-Influence-Communication-Cairo-Egypt
Business Analyst Manager,Aqarmap.com -,"Nasr City, Cairo, Egypt",Full Time,https://wuzzuf.net/jobs/p/JGD02NY01Kz8-Business-Analyst-Manager-Aqarmap-com-Cairo-Egypt
Data Analyst,Mazaya -,"New Cairo, Cairo, Egypt",Full Time,https://wuzzuf.net/jobs/p/HaCk4dcFubh3-Data-Analyst-Mazaya-Cairo-Egypt
Data Analyst,Talaat Moustafa Group -,"Dokki, Giza, Egypt",Shift Based,https://wuzzuf.net/jobs/p/n8eZCC5B0pgZ-Data-Analyst-Talaat-Moustafa-Group-Giza-Egypt
Data Analyst,Rotem SRS -,"Cairo, Egypt",Full Time,https://wuzzuf.net/jobs/p/dZtsSzWqvAqg-Data-Analyst-Rotem-SRS-Cairo-Egypt
Data Analyst,Al Watania Poultry -,"Smart Village, Giza, Egypt",Full Time,https://wuzzuf.net/jobs/p/HzJ6GhNp7osP-Data-Analyst-Al-Watania-Poultry-Giza-Egypt
Data Analyst,EGEC -,"Haram, Giza, Egypt",Full Time,https://wuzzuf.net/jobs/p/F99QNVxDd8Yp-Data-Analyst-EGEC-Giza-Egypt
Marketing Executive - Data Analyst,Kasrawy Group -,"Abu Rawash, Giza, Egypt",Full Time,https://wuzzuf.net/jobs/p/knV1mCUegkfj-Marketing-Executive---Data-Analyst-Kasrawy-Group-Giza-Egypt
Quality Monitoring Analyst (Englsih B2),Xceed Contact Center -,"Cairo, Egypt",Full Time,https://wuzzuf.net/jobs/p/C3ZomvIIeZXj-Quality-Monitoring-Analyst-Englsih-B2-Xceed-Contact-Center-Cairo-Egypt
Actuarial Analyst,Allianz -,"New Cairo, Cairo, Egypt",Full Time,https://wuzzuf.net/jobs/p/bJj1osr22Gof-Actuarial-Analyst-Allianz-Cairo-Egypt
Financial Systems Analyst,NOBLE FINANCIAL SOLUTIONS LTD -,"Boulaq, Cairo, Egypt",Full Time,https://wuzzuf.net/jobs/p/xO1O3cjoZBja-Financial-Systems-Analyst-NOBLE-FINANCIAL-SOLUTIONS-LTD-Cairo-Egypt
HR Analyst,Fawry MSME Finance  -,"Giza, Egypt",Full Time,https://wuzzuf.net/jobs/p/SdyXPdvmZc82-HR-Analyst-Fawry-Microfinance-Giza-Egypt
Real Time Analyst WFM - German Speaker,Teleperformance - Egypt -,"Katameya, Cairo, Egypt",Full Time,https://wuzzuf.net/jobs/p/6PfsYX86sKp1-Real-Time-Analyst-WFM---German-Speaker-Teleperformance---Egypt-Cairo-Egypt
Data Analyst,Alarabia Group -,"Cairo, Egypt",Full Time,https://wuzzuf.net/jobs/p/g31LAuLyaUXD-Data-Analyst-Alarabia-Group-Cairo-Egypt
Oracle fusion Developer (Principal Applications Analyst),The IT Gigs -,"Cairo, Egypt",Full Time,https://wuzzuf.net/jobs/p/SWjvCExCNmlp-Oracle-fusion-Developer-Principal-Applications-Analyst-The-IT-Gigs-Cairo-Egypt
Statistics Analyst,(Delta Textile Egypt) -,"Cairo, Egypt",Full Time,https://wuzzuf.net/jobs/p/YTFT0jIEedPE-Statistics-Analyst-Delta-Textile-Egypt-Cairo-Egypt
Financial Analyst,Hands of Hope Physical Therapy & Wellness -,"Maadi, Cairo, Egypt",Full Time,https://wuzzuf.net/jobs/p/VENs3QZEilqY-Financial-Analyst-Hands-of-Hope-Physical-Therapy-Wellness-Cairo-Egypt
Financial Analyst,Kgroup -,"New Cairo, Cairo, Egypt",Full Time,https://wuzzuf.net/jobs/p/iK6BHGRlNpN2-Financial-Analyst-Kgroup-Cairo-Egypt
Financial Analyst,Zat care -,"Cairo, Egypt",Part Time,https://wuzzuf.net/jobs/p/eLfa08M83zCw-Financial-Analyst-Zat-care-Cairo-Egypt
Data Analyst,Second profit   -,"Nasr City, Cairo, Egypt",Full Time,https://wuzzuf.net/jobs/p/StxQYW68mlNE-Data-Analyst-Second-profit-Cairo-Egypt
Compliance Analyst,Teleperformance - Egypt -,"Cairo, Egypt",Full Time,https://wuzzuf.net/jobs/p/uxj3snhzSEVJ-Compliance-Analyst-Teleperformance---Egypt-Cairo-Egypt
Quality Monitoring Analyst (Call Center),Xceed Contact Center -,"Maadi, Cairo, Egypt",Full Time,https://wuzzuf.net/jobs/p/DZhHSae1WhY8-Quality-Monitoring-Analyst-Call-Center-Xceed-Contact-Center-Cairo-Egypt
Senior Financial Planning Analyst,Sky Holding -,"Cairo, Egypt",Full Time,https://wuzzuf.net/jobs/p/dRH3zeHFi1Y1-Senior-Financial-Planning-Analyst-Sky-Holding-Cairo-Egypt
Workforce Manager Real Time Analyst - Spanish and English speaker,Teleperformance - Egypt -,"Katameya, Cairo, Egypt",Full Time,https://wuzzuf.net/jobs/p/S5CVhGOCR1xh-Workforce-Manager-Real-Time-Analyst---Spanish-and-English-speaker-Teleperformance---Egypt-Cairo-Egypt
Market Research Analyst,Maison de Maa -,"Heliopolis, Cairo, Egypt",Full Time,https://wuzzuf.net/jobs/p/X0zWCU31Rarm-Market-Research-Analyst-Maison-de-Maa-Cairo-Egypt
Financial Analyst,B.TECH -,"Nasr City, Cairo, Egypt",Full Time,https://wuzzuf.net/jobs/p/9DDjYOLhL1Ym-Financial-Analyst-B-TECH-Cairo-Egypt
Market Research Analyst,Confidential -,"Cairo, Egypt",Full Time,https://wuzzuf.net/jobs/p/WgQQC5eeo5KR-Market-Research-Analyst-Cairo-Egypt
Senior ERP Business Analyst,BI-Technologies -,"New Cairo, Cairo, Egypt",Full Time,https://wuzzuf.net/jobs/p/LS5ZTGKMmyer-Senior-ERP-Business-Analyst-BI-Technologies-Cairo-Egypt
Quality Assurance Analyst - English Speaker,Teleperformance - Egypt -,"New Cairo, Cairo, Egypt",Full Time,https://wuzzuf.net/jobs/p/LVXyhEGKuNN5-Quality-Assurance-Analyst---English-Speaker-Teleperformance---Egypt-Cairo-Egypt
QA Analyst - Spanish Speakers,Teleperformance - Egypt -,"New Cairo, Cairo, Egypt",Full Time,https://wuzzuf.net/jobs/p/YonqR3gMqQYV-QA-Analyst---Spanish-Speakers-Teleperformance---Egypt-Cairo-Egypt
QA Analyst - Italian Speakers,Teleperformance - Egypt -,"New Cairo, Cairo, Egypt",Full Time,https://wuzzuf.net/jobs/p/iqttoXfOXH3B-QA-Analyst---Italian-Speakers-Teleperformance---Egypt-Cairo-Egypt
QA Analyst - German Speakers,Teleperformance - Egypt -,"New Cairo, Cairo, Egypt",Full Time,https://wuzzuf.net/jobs/p/R43veuCnVisR-QA-Analyst---German-Speakers-Teleperformance---Egypt-Cairo-Egypt
System Analyst/Technical Writer,Tamweely -,"Cairo, Egypt",Full Time,https://wuzzuf.net/jobs/p/ZjVqYMxvgGC3-System-AnalystTechnical-Writer-Tamweely-Cairo-Egypt
QA Analyst - French Speakers,Teleperformance - Egypt -,"New Cairo, Cairo, Egypt",Full Time,https://wuzzuf.net/jobs/p/OpchPafKGSy4-QA-Analyst---French-Speakers-Teleperformance---Egypt-Cairo-Egypt
Data Marketing Analyst,Madar Soft -,"Fleming, Alexandria, Egypt",Full Time,https://wuzzuf.net/jobs/p/7Y5gV4BJSesN-Data-Marketing-Analyst-Madar-Soft-Alexandria-Egypt
Senior Financial Analyst,Etqan -,"New Cairo, Cairo, Egypt",Full Time,https://wuzzuf.net/jobs/p/l6ZSxD43Ytvl-Senior-Financial-Analyst-Etqan-Cairo-Egypt
IT Analyst,Dora Management Solutions -,"Sheraton, Cairo, Egypt",Full Time,https://wuzzuf.net/jobs/p/PFpmqrP59veV-IT-Analyst-Dora-Management-Solutions-Cairo-Egypt
Reporting Analyst,Foundever -,"Nasr City, Cairo, Egypt",Full Time,https://wuzzuf.net/jobs/p/ZD80po0zQ6Zv-Reporting-Analyst-Sykes-Enterprises-Cairo-Egypt
Business Analyst,Confidential -,"Dokki, Giza, Egypt",Full Time,https://wuzzuf.net/jobs/p/ZsaaWkk5wymh-Business-Analyst-Giza-Egypt
Remote Data Integrity Analyst,Intoude Foundation Too -,"Kuwait City, Kuwait",Full Time,https://wuzzuf.net/jobs/p/g/F7sz9dZh872s-Remote-Data-Integrity-Analyst-Intoude-Foundation-Too-Kuwait-City-Kuwait
Senior Data Science Analyst,Qatar Airways -,"Doha, Qatar",Full Time,https://wuzzuf.net/jobs/p/g/fD9EcjK2OMy1-Senior-Data-Science-Analyst-Qatar-Airways-Doha-Qatar
Data Analyst,InvestSky | Social Investing -,"Dubai, United Arab Emirates",Full Time,https://wuzzuf.net/jobs/p/g/RnP02MvgNbuj-Data-Analyst-InvestSky-Social-Investing-Dubai-United-Arab-Emirates
Data Analyst/Market Researcher,Intoude Foundation Too -,"Dubai, United Arab Emirates",Full Time,https://wuzzuf.net/jobs/p/g/Hr6aIhzigdB0-Data-AnalystMarket-Researcher-Intoude-Foundation-Too-Dubai-United-Arab-Emirates
Data Analyst/Market Researcher,Intoude Foundation -,"Kuwait City, Kuwait",Full Time,https://wuzzuf.net/jobs/p/g/crg89IIFGsoh-Data-AnalystMarket-Researcher-Intoude-Foundation-Kuwait-City-Kuwait
Senior Market Research Analyst,Adam Grain -,"New Cairo, Cairo, Egypt",Full Time,https://wuzzuf.net/jobs/p/YQsgYHrwZWVD-Senior-Market-Research-Analyst-Adam-Grain-Cairo-Egypt
Data Analyst,PRIME IMMIGRATION LTD -,"Riyadh, Saudi Arabia",Full Time,https://wuzzuf.net/jobs/p/g/k7bw0exotT2L-Data-Analyst-PRIME-IMMIGRATION-LTD-Riyadh-Saudi-Arabia
Automation and Data Analyst Architect,VAme Ltd -,"Dubai, United Arab Emirates",Full Time,https://wuzzuf.net/jobs/p/g/mKDRo8G4JQen-Automation-and-Data-Analyst-Architect-VAme-Ltd-Dubai-United-Arab-Emirates
Remote Data Integrity Analyst,Intoude Foundation -,"Kuwait City, Kuwait",Full Time,https://wuzzuf.net/jobs/p/g/O2VJls2rFpMV-Remote-Data-Integrity-Analyst-Intoude-Foundation-Kuwait-City-Kuwait
Full-time Data Entry Analyst - Entry level (Remote),ScoutMine -,"Dubai, United Arab Emirates",Full Time,https://wuzzuf.net/jobs/p/g/FiDChw7scbyE-Full-time-Data-Entry-Analyst---Entry-level-Remote-ScoutMine-Dubai-United-Arab-Emirates
Entry-level Data Entry Analyst (Remote),ScoutMine -,"Riyadh, Saudi Arabia",Full Time,https://wuzzuf.net/jobs/p/g/0sMc5GMRBYFC-Entry-level-Data-Entry-Analyst-Remote-ScoutMine-Riyadh-Saudi-Arabia
Data Analyst,Bayut.com -,"Riyadh, Saudi Arabia",Full Time,https://wuzzuf.net/jobs/p/g/oNNZviMSUDPj-Data-Analyst-Bayut-com-Riyadh-Saudi-Arabia
Strategy Analyst,Transmar International  -,"New Cairo, Cairo, Egypt",Full Time,https://wuzzuf.net/jobs/p/rxScTJDbTezB-Strategy-Analyst-Transmar-International-Cairo-Egypt
Business Analyst,Cloud Continuum  -,"New Cairo, Cairo, Egypt",Full Time,https://wuzzuf.net/jobs/p/NX1srOp3hMFi-Business-Analyst-Cloud-Continuum-Cairo-Egypt
Data Entry Analyst / Full-time (Remote),ScoutMine -,"Makkah, Saudi Arabia",Full Time,https://wuzzuf.net/jobs/p/g/hCOziiAXZLFm-Data-Entry-Analyst-Full-time-Remote-ScoutMine-Makkah-Saudi-Arabia
Data Entry Analyst - Full-time (Remote),ScoutMine -,"Dubai, United Arab Emirates",Full Time,https://wuzzuf.net/jobs/p/g/VVueKGMKG7c2-Data-Entry-Analyst---Full-time-Remote-ScoutMine-Dubai-United-Arab-Emirates
Data Entry Analyst (Remote),ScoutMine -,"Riyadh, Saudi Arabia",Full Time,https://wuzzuf.net/jobs/p/g/s58gaOFUkwdm-Data-Entry-Analyst-Remote-ScoutMine-Riyadh-Saudi-Arabia
Data Entry Analyst - Entry level (Remote),ScoutMine -,"Dubai, United Arab Emirates",Full Time,https://wuzzuf.net/jobs/p/g/5VlNeTcuqkbD-Data-Entry-Analyst---Entry-level-Remote-ScoutMine-Dubai-United-Arab-Emirates
Data Analyst,Noon - The Social Learning Platform -,"Riyadh, Saudi Arabia",Full Time,https://wuzzuf.net/jobs/p/g/jFNBLG1NsHT7-Data-Analyst-Noon---The-Social-Learning-Platform-Riyadh-Saudi-Arabia
Network Data Analyst,Ookla -,"Riyadh, Saudi Arabia",Full Time,https://wuzzuf.net/jobs/p/g/Zq8ykJYHgrq0-Network-Data-Analyst-Ookla-Riyadh-Saudi-Arabia
Data Analyst (0 Experience Required),Peroptyx -,"Riyadh, Saudi Arabia",Freelance / Project,https://wuzzuf.net/jobs/p/g/1LUoMAAqCGKY-Data-Analyst-0-Experience-Required-Peroptyx-Riyadh-Saudi-Arabia
Financial Analyst - Al Shorouk Hospital,Cleopatra Hospitals Group -,"Mohandessin, Giza, Egypt",Full Time,https://wuzzuf.net/jobs/p/pYXriFsyRxNA-Financial-Analyst---Al-Shorouk-Hospital-Cleopatra-Hospitals-Group-Giza-Egypt
Senior Financial Analyst,Al Ahly Medical Company -,"Giza, Giza, Egypt",Full Time,https://wuzzuf.net/jobs/p/gQp01GeVqdg4-Senior-Financial-Analyst-Al-Ahly-Medical-Company-Giza-Egypt
Consumer Behavior Analyst,Intoude Foundation Too -,"Kuwait City, Kuwait",Full Time,https://wuzzuf.net/jobs/p/g/Pyo0F1bbfS2v-Consumer-Behavior-Analyst-Intoude-Foundation-Too-Kuwait-City-Kuwait
Quality Analyst,PRIME IMMIGRATION LTD -,"Dubai, United Arab Emirates",Full Time,https://wuzzuf.net/jobs/p/g/LFrfMPPZHB5k-Quality-Analyst-PRIME-IMMIGRATION-LTD-Dubai-United-Arab-Emirates
"Analyst, Finance",Precision Drilling -,"Kuwait City, Kuwait",Full Time,https://wuzzuf.net/jobs/p/g/5GlTZo3mnfoC-Analyst-Finance-Precision-Drilling-Kuwait-City-Kuwait
Hiring for Quality Analyst,PRIME IMMIGRATION LTD -,"Dubai, United Arab Emirates",Full Time,https://wuzzuf.net/jobs/p/g/Zu68R2L7RROt-Hiring-for-Quality-Analyst-PRIME-IMMIGRATION-LTD-Dubai-United-Arab-Emirates
Sr. IT Planning Analyst,Dev2Work LLC -,"Doha, Qatar",Full Time,https://wuzzuf.net/jobs/p/g/9jMMLlbbLDqI-Sr-IT-Planning-Analyst-Dev2Work-LLC-Doha-Qatar
Sales Admin & Analyst,ICONIC FMCG  -,"New Cairo, Cairo, Egypt",Full Time,https://wuzzuf.net/jobs/p/yB5zJPMFs7Cs-Sales-Admin-Analyst-ICONIC-FMCG-Cairo-Egypt
Junior Compliance Analyst (Remote),Kreativstorm -,"Riyadh, Saudi Arabia",Full Time,https://wuzzuf.net/jobs/p/g/k9MsZZWYqZZ9-Junior-Compliance-Analyst-Remote-Kreativstorm-Riyadh-Saudi-Arabia
Data Engineer,USYTech -,"Heliopolis, Cairo, Egypt",Full Time,https://wuzzuf.net/jobs/p/c4GwTC8YnyG7-Data-Engineer-USYTech-Cairo-Egypt
Financial Analyst,Qardy -,"Mohandessin, Giza, Egypt",Full Time,https://wuzzuf.net/jobs/p/1w3yAOOD6O4t-Financial-Analyst-Qardy-Giza-Egypt
"Business Analyst Expert, SAP REFX",IGI-Group -,"Sheikh Zayed, Giza, Egypt",Full Time,https://wuzzuf.net/jobs/p/BuX6xY9B9yK6-Business-Analyst-Expert-SAP-REFX-IGI-Group-Giza-Egypt
Job & OD Analyst,BSL - BAE Systems Strategic Aerospace Services WLL -,"Doha, Qatar",Full Time,https://wuzzuf.net/jobs/p/g/x0gpgbMJEClG-Job-OD-Analyst-BSL---BAE-Systems-Strategic-Aerospace-Services-WLL-Doha-Qatar
Cost Manager,Luna Pac -,"Giza, Egypt",Full Time,https://wuzzuf.net/jobs/p/qljkliRtNwR0-Cost-Manager-Luna-Pac-Giza-Egypt
Senior Data Engineer,Nahdet Misr Publishing Group -,"Mohandessin, Giza, Egypt",Full Time,https://wuzzuf.net/jobs/p/Wg5gEnq1Cbyy-Senior-Data-Engineer-Nahdet-Misr-Publishing-Group-Giza-Egypt
Process Improvement senior analyst,Confidential -,"Giza, Egypt",Full Time,https://wuzzuf.net/jobs/p/vi3r1Jy6AyRn-Process-Improvement-senior-analyst-Giza-Egypt
Costing and Pricing Senior Analyst,IDH -,"6th of October, Giza, Egypt",Full Time,https://wuzzuf.net/jobs/p/r2oUw1SQ1qn4-Costing-and-Pricing-Senior-Analyst-IDH-Giza-Egypt
Cost Accountant,Marseilia -,"Alexandria, Egypt",Full Time,https://wuzzuf.net/jobs/p/b9QreIJrC1bP-Cost-Accountant-Marseilia-Alexandria-Egypt
Analyst - Credit and Collections,Wesco -,"Dubai, United Arab Emirates",Full Time,https://wuzzuf.net/jobs/p/g/5846YALtMPNT-Analyst---Credit-and-Collections-Wesco-Dubai-United-Arab-Emirates
Consumer Behavior Analyst,Intoude Foundation -,"Kuwait City, Kuwait",Full Time,https://wuzzuf.net/jobs/p/g/txZr96nApdi3-Consumer-Behavior-Analyst-Intoude-Foundation-Kuwait-City-Kuwait
Office Manager and Financial Analyst,British University of Egypt -,"Shorouk City, Cairo, Egypt",Full Time,https://wuzzuf.net/jobs/p/kTUapkqBqbUv-Office-Manager-and-Financial-Analyst-British-University-of-Egypt-Cairo-Egypt
"Senior Manager, Data Scientist",Ooredoo Kuwait -,"Kuwait City, Kuwait",Full Time,https://wuzzuf.net/jobs/p/g/LGbfOPWdgFKV-Senior-Manager-Data-Scientist-Ooredoo-Kuwait-Kuwait-City-Kuwait
Cost Accountant,Medicare -,"Garden City, Cairo, Egypt",Full Time,https://wuzzuf.net/jobs/p/PRv6Uj7Mhcz1-Cost-Accountant-Medicare-Cairo-Egypt
Senior Data Integration Engineer,e-finance -,"Smart Village, Giza, Egypt",Full Time,https://wuzzuf.net/jobs/p/4PqXRTu3ANU2-Senior-Data-Integration-Engineer-e-finance-Giza-Egypt
System/Identity Engineer,Teleperformance - Egypt -,"Katameya, Cairo, Egypt",Full Time,https://wuzzuf.net/jobs/p/iiRaPSyo1KSP-SystemIdentity-Engineer-Teleperformance---Egypt-Cairo-Egypt
Digital Marketing Analyst,ELHODA Trade & Supples -,"Badr City, Cairo, Egypt",Full Time,https://wuzzuf.net/jobs/p/yXhk79zGCWb8-Digital-Marketing-Analyst-ELHODA-Trade-Supples-Cairo-Egypt
Statistical analysis consultant,Exco Egypt -,"Nasr City, Cairo, Egypt",Full Time,https://wuzzuf.net/jobs/p/SVlgFF15DPMx-Statistical-analysis-consultant-Exco-Egypt-Cairo-Egypt
Marketing Analyst,Confidential -,"Giza, Egypt",Full Time,https://wuzzuf.net/jobs/p/ms8gOGPapabJ-Marketing-Analyst-Giza-Egypt
Financial Analyst,Xceed Contact Center -,"Maadi, Cairo, Egypt",Full Time,https://wuzzuf.net/jobs/p/edxZ7y0jUZ8A-Financial-Analyst-Xceed-Contact-Center-Cairo-Egypt
Software Business Analyst,Obeikan Digital Solutions -,"Cairo, Egypt",Full Time,https://wuzzuf.net/jobs/p/z4sJXQ52LudS-Software-Business-Analyst-Obeikan-Digital-Solutions-Cairo-Egypt
Financial Analyst,IGI-Group -,"Sheikh Zayed, Giza, Egypt",Full Time,https://wuzzuf.net/jobs/p/je3j45v6XmDq-Financial-Analyst-IGI-Group-Giza-Egypt
Big Data Consultant,Exco Egypt -,"Nasr City, Cairo, Egypt",Full Time,https://wuzzuf.net/jobs/p/egjM6VMefvKW-Big-Data-Consultant-Exco-Egypt-Cairo-Egypt
Data Allocation Specialist / Data Entry,Selah ElTelmeez For Publishing & printing -,"Obour City, Cairo, Egypt",Full Time,https://wuzzuf.net/jobs/p/652MeNWuJgYL-Data-Allocation-Specialist-Data-Entry-Selah-ElTelmeez-For-Publishing-printing-Cairo-Egypt
R&D Methodology Senior Specialist,Atco Pharma For Pharmaceutical Industries -,"Quweisna, Monufya, Egypt",Full Time,https://wuzzuf.net/jobs/p/Jci3aTPXE35m-RD-Methodology-Senior-Specialist-Atco-Pharma-For-Pharmaceutical-Industries-Monufya-Egypt
Data Modeler,BBI-Consultancy -,"Maadi, Cairo, Egypt",Full Time,https://wuzzuf.net/jobs/p/tuVCfEqtgptQ-Data-Modeler-BBI-Consultancy-Cairo-Egypt
Strategy Analyst Consultant,Intoude Foundation Too -,"Kuwait City, Kuwait",Full Time,https://wuzzuf.net/jobs/p/g/Dxkkcrg7FsoG-Strategy-Analyst-Consultant-Intoude-Foundation-Too-Kuwait-City-Kuwait
Product Research Analyst,Intoude Foundation Too -,"Kuwait City, Kuwait",Full Time,https://wuzzuf.net/jobs/p/g/1oNIyG7RNPLR-Product-Research-Analyst-Intoude-Foundation-Too-Kuwait-City-Kuwait
Strategy Analyst Consultant,Voli_Agency _LLC -,"Riyadh, Saudi Arabia",Full Time,https://wuzzuf.net/jobs/p/g/T9aQhBSQDUDT-Strategy-Analyst-Consultant-VoliAgency-LLC-Riyadh-Saudi-Arabia
Financial Analyst - MEA,Johnson & Johnson -,"Riyadh, Saudi Arabia",Full Time,https://wuzzuf.net/jobs/p/g/h51XBZxrHDyt-Financial-Analyst---MEA-Johnson-Johnson-Riyadh-Saudi-Arabia
Lead Media Analyst,stc -,"Riyadh, Saudi Arabia",Full Time,https://wuzzuf.net/jobs/p/g/89K86PHC86VS-Lead-Media-Analyst-stc-Riyadh-Saudi-Arabia
Brand Research Analyst,Intoude Foundation Too -,"Kuwait City, Kuwait",Full Time,https://wuzzuf.net/jobs/p/g/mzrIDU9Qt8Ep-Brand-Research-Analyst-Intoude-Foundation-Too-Kuwait-City-Kuwait
Senior Business Analyst (Qatar),Surge Global -,"Doha, Qatar",Freelance / Project,https://wuzzuf.net/jobs/p/g/1UZmeT3UnxkH-Senior-Business-Analyst-Qatar-Surge-Global-Doha-Qatar
Senior Core Analyst,Saybolt Pakistan Limited -,"Dubai, United Arab Emirates",Full Time,https://wuzzuf.net/jobs/p/g/k0LeKtIDUDrE-Senior-Core-Analyst-Saybolt-Pakistan-Limited-Dubai-United-Arab-Emirates
Brand Research Analyst,Voli_Agency _LLC -,"Riyadh, Saudi Arabia",Full Time,https://wuzzuf.net/jobs/p/g/dqqAHbmRRZ0D-Brand-Research-Analyst-VoliAgency-LLC-Riyadh-Saudi-Arabia
Senior Treasury Analyst,QatarEnergy LNG -,"Doha, Qatar",Full Time,https://wuzzuf.net/jobs/p/g/A7Fphgj1m2j3-Senior-Treasury-Analyst-QatarEnergy-LNG-Doha-Qatar
Credit Analyst,JOBWORLD INDIA -,"Dubai, United Arab Emirates",Full Time,https://wuzzuf.net/jobs/p/g/LEU8cNDaW1m8-Credit-Analyst-JOBWORLD-INDIA-Dubai-United-Arab-Emirates
BI & Data Analytics Consultant,Mantrac -,"Alexandria, Egypt",Full Time,https://wuzzuf.net/jobs/p/B2lwaYBkrVx3-BI-Data-Analytics-Consultant-Mantrac-Alexandria-Egypt
Early Career training ship -  Operation Analyst,GE Vernova -,"Riyadh, Saudi Arabia",Full Time,https://wuzzuf.net/jobs/p/g/ymdfYxx8UBh8-Early-Career-training-ship---Operation-Analyst-GE-Vernova-Riyadh-Saudi-Arabia
Application Support Analyst,RLDatix -,"Riyadh, Saudi Arabia",Full Time,https://wuzzuf.net/jobs/p/g/JplOnK1ihS3Z-Application-Support-Analyst-RLDatix-Riyadh-Saudi-Arabia
Investment Banking - MENA Coverage - Analyst / Associate - Dubai,JPMorgan Chase & Co. -,"Dubai, United Arab Emirates",Full Time,https://wuzzuf.net/jobs/p/g/ConGpe1BIts9-Investment-Banking---MENA-Coverage---Analyst-Associate---Dubai-JPMorgan-Chase-Co-Dubai-United-Arab-Emirates
Financial Analyst,Lifera -,"Riyadh, Saudi Arabia",Full Time,https://wuzzuf.net/jobs/p/g/XcpWtnX8G5zE-Financial-Analyst-Lifera-Riyadh-Saudi-Arabia
Data Analytics Engineer,Erada -,"Maadi, Cairo, Egypt",Full Time,https://wuzzuf.net/jobs/p/M0QOPoyJQ6Ia-Data-Analytics-Engineer-Erada-Cairo-Egypt
Senior Analyst Enterprise Architecture,Dev2Work LLC -,"Doha, Qatar",Full Time,https://wuzzuf.net/jobs/p/g/3NUrV8TbcMFX-Senior-Analyst-Enterprise-Architecture-Dev2Work-LLC-Doha-Qatar
"Business Analyst, Tenders and Order-to-Cash",Boston Scientific -,"Riyadh, Saudi Arabia",Full Time,https://wuzzuf.net/jobs/p/g/25ObJfzFVeRc-Business-Analyst-Tenders-and-Order-to-Cash-Boston-Scientific-Riyadh-Saudi-Arabia
Junior Business Analyst (Remote),Kreativstorm -,"Dubai, United Arab Emirates",Full Time,https://wuzzuf.net/jobs/p/g/vu58nLYD6NpQ-Junior-Business-Analyst-Remote-Kreativstorm-Dubai-United-Arab-Emirates
Data Engineer,Erada -,"Maadi, Cairo, Egypt",Full Time,https://wuzzuf.net/jobs/p/0RQ3vpCEIlqy-Data-Engineer-Erada-Cairo-Egypt
Strategy Analyst Consultant,Voli_Agency _LTD -,"Kuwait City, Kuwait",Full Time,https://wuzzuf.net/jobs/p/g/tN7xCGfLL8Kj-Strategy-Analyst-Consultant-VoliAgency-LTD-Kuwait-City-Kuwait
Product Research Analyst,Voli_Agency _LTD -,"Kuwait City, Kuwait",Full Time,https://wuzzuf.net/jobs/p/g/OyU6HYxx8gLl-Product-Research-Analyst-VoliAgency-LTD-Kuwait-City-Kuwait
Business Services Analyst,DXC Technology -,"Riyadh, Saudi Arabia",Full Time,https://wuzzuf.net/jobs/p/g/KLx5Yyr0fV4M-Business-Services-Analyst-DXC-Technology-Riyadh-Saudi-Arabia
Market & Operations Analyst,Energetech -,"Dubai, United Arab Emirates",Full Time,https://wuzzuf.net/jobs/p/g/1GniCldfFHGJ-Market-Operations-Analyst-Energetech-Dubai-United-Arab-Emirates
Emirati National - Technology Analyst,Avanade -,"Dubai, United Arab Emirates",Part Time,https://wuzzuf.net/jobs/p/g/r75eeKCmWL4F-Emirati-National---Technology-Analyst-Avanade-Dubai-United-Arab-Emirates
Intelligence Analyst (Hybrid),PINKERTON | Comprehensive Risk Management -,"Dubai, United Arab Emirates",Full Time,https://wuzzuf.net/jobs/p/g/zRZeeVNdl65O-Intelligence-Analyst-Hybrid-PINKERTON-Comprehensive-Risk-Management-Dubai-United-Arab-Emirates
Internal Audit Analyst,Black Pearl Consult -,"Dubai, United Arab Emirates",Full Time,https://wuzzuf.net/jobs/p/g/dtgOlSaiiVcc-Internal-Audit-Analyst-Black-Pearl-Consult-Dubai-United-Arab-Emirates
Research Analyst,Black Pearl Consult -,"Dubai, United Arab Emirates",Full Time,https://wuzzuf.net/jobs/p/g/OYO5ptbGR8tO-Research-Analyst-Black-Pearl-Consult-Dubai-United-Arab-Emirates
Brand Research Analyst,Voli_Agency _LTD -,"Kuwait City, Kuwait",Full Time,https://wuzzuf.net/jobs/p/g/0A35UrCYiqfu-Brand-Research-Analyst-VoliAgency-LTD-Kuwait-City-Kuwait
Training Analyst,BSL - BAE Systems Strategic Aerospace Services WLL -,"Doha, Qatar",Full Time,https://wuzzuf.net/jobs/p/g/JVNBXf1woSsG-Training-Analyst-BSL---BAE-Systems-Strategic-Aerospace-Services-WLL-Doha-Qatar
Business Analyst - Dubai,HTrust Consulting -,"Dubai, United Arab Emirates",Full Time,https://wuzzuf.net/jobs/p/g/FHm1u9MPj1h4-Business-Analyst---Dubai-HTrust-Consulting-Dubai-United-Arab-Emirates
Workforce Planning Analyst,BSL - BAE Systems Strategic Aerospace Services WLL -,"Doha, Qatar",Full Time,https://wuzzuf.net/jobs/p/g/GxRL30oRV05m-Workforce-Planning-Analyst-BSL---BAE-Systems-Strategic-Aerospace-Services-WLL-Doha-Qatar
Senior Credit Analyst (UAE National Only),Mashreq Corporate & Investment Banking Group -,"Dubai, United Arab Emirates",Full Time,https://wuzzuf.net/jobs/p/g/x1EDIG3eH6K1-Senior-Credit-Analyst-UAE-National-Only-Mashreq-Corporate-Investment-Banking-Group-Dubai-United-Arab-Emirates
Business Analyst,Vista -,"Dubai, United Arab Emirates",Full Time,https://wuzzuf.net/jobs/p/g/UcFUH60vfzUH-Business-Analyst-Vista-Dubai-United-Arab-Emirates
CME - Business Analyst,Canon EMEA -,"Dubai, United Arab Emirates",Full Time,https://wuzzuf.net/jobs/p/g/BhEDKFoi3lty-CME---Business-Analyst-Canon-EMEA-Dubai-United-Arab-Emirates
Strategy Analyst Consultant,Intoude Foundation -,"Kuwait City, Kuwait",Full Time,https://wuzzuf.net/jobs/p/g/DxI21AZGii6G-Strategy-Analyst-Consultant-Intoude-Foundation-Kuwait-City-Kuwait
Product Research Analyst,Intoude Foundation -,"Kuwait City, Kuwait",Full Time,https://wuzzuf.net/jobs/p/g/S02ijSQcSMPG-Product-Research-Analyst-Intoude-Foundation-Kuwait-City-Kuwait
Data Team Lead,Nahdet Misr Publishing Group -,"Mohandessin, Giza, Egypt",Part Time,https://wuzzuf.net/jobs/p/0SaV4UtFFTve-Data-Team-Lead-Nahdet-Misr-Publishing-Group-Giza-Egypt
Data Engineer,Hands of Hope Physical Therapy & Wellness -,"Maadi, Cairo, Egypt",Full Time,https://wuzzuf.net/jobs/p/0yNNI8gqx135-Data-Engineer-Hands-of-Hope-Physical-Therapy-Wellness-Cairo-Egypt
Business Analyst,Jadeer -,"Riyadh, Saudi Arabia",Full Time,https://wuzzuf.net/jobs/p/g/SvMZikOBN9oB-Business-Analyst-Jadeer-Riyadh-Saudi-Arabia
Brand Research Analyst,Intoude Foundation -,"Kuwait City, Kuwait",Full Time,https://wuzzuf.net/jobs/p/g/GfzMz26kYETs-Brand-Research-Analyst-Intoude-Foundation-Kuwait-City-Kuwait
Strategic Planning Analyst,webook.com | We're All About Fun -,"Riyadh, Saudi Arabia",Full Time,https://wuzzuf.net/jobs/p/g/jQdIQ52tsQkY-Strategic-Planning-Analyst-webook-com-Were-All-About-Fun-Riyadh-Saudi-Arabia
Business Analytics Specialist,Confidential -,"Cairo, Egypt",Full Time,https://wuzzuf.net/jobs/p/1DG0yWyhyeJg-Business-Analytics-Specialist-Cairo-Egypt
Senior Power BI Developer,Noases -,"Nasr City, Cairo, Egypt",Full Time,https://wuzzuf.net/jobs/p/CRQgaWZ9dJJ0-Senior-Power-BI-Developer-Noases-Cairo-Egypt
Machine Learning Engineer,WUZZUF -,"Maadi, Cairo, Egypt",Full Time,https://wuzzuf.net/jobs/p/LZGiOLXFhs9n-Machine-Learning-Engineer-WUZZUF-Cairo-Egypt
Tax Accountant,Marseilia -,"Alexandria, Egypt",Full Time,https://wuzzuf.net/jobs/p/78UWvTr9SLkT-Tax-Accountant-Marseilia-Alexandria-Egypt
Cost Accountant,Nola Bakery -,"New Cairo, Cairo, Egypt",Full Time,https://wuzzuf.net/jobs/p/7HO3IjRD1SwF-Cost-Accountant-Nola-Bakery-Cairo-Egypt
Chief Financial Officer,Confidential -,"Sheraton, Cairo, Egypt",Full Time,https://wuzzuf.net/jobs/p/e2grL7r2xQDn-Chief-Financial-Officer-Cairo-Egypt
Data Entry Specialist - Customer Service Records,Intoude Foundation Too -,"Kuwait City, Kuwait",Full Time,https://wuzzuf.net/jobs/p/g/QzxdxPeEVa4O-Data-Entry-Specialist---Customer-Service-Records-Intoude-Foundation-Too-Kuwait-City-Kuwait
Entry-Level Remote Data Entry Clerk,Artisans Ecotimber -,"Riyadh, Saudi Arabia",Full Time,https://wuzzuf.net/jobs/p/g/rLd6DtGBTLAw-Entry-Level-Remote-Data-Entry-Clerk-Artisans-Ecotimber-Riyadh-Saudi-Arabia
Data Input Specialist - Healthcare Information Systems,Voli_Agency _LLC -,"Kuwait City, Kuwait",Full Time,https://wuzzuf.net/jobs/p/g/QqX0hT2pbBtx-Data-Input-Specialist---Healthcare-Information-Systems-VoliAgency-LLC-Kuwait-City-Kuwait
Remote Data Entry Clerk (Part Time),BigLeapGPS -,"Riyadh, Saudi Arabia",Full Time,https://wuzzuf.net/jobs/p/g/xSOg6wyDzc6N-Remote-Data-Entry-Clerk-Part-Time-BigLeapGPS-Riyadh-Saudi-Arabia
Remote Online Data Entry Clerk (Entry Level),Artisans Ecotimber -,"Riyadh, Saudi Arabia",Full Time,https://wuzzuf.net/jobs/p/g/TmobeOgLTC8N-Remote-Online-Data-Entry-Clerk-Entry-Level-Artisans-Ecotimber-Riyadh-Saudi-Arabia
Remote Data Entry Clerks - Immediate Role,GE-V -,"Dubai, United Arab Emirates",Full Time,https://wuzzuf.net/jobs/p/g/V6CJNMX7qTgc-Remote-Data-Entry-Clerks---Immediate-Role-GE-V-Dubai-United-Arab-Emirates
Data Entry Clerks – Remote Work (Part Time),Envirogent -,"Riyadh, Saudi Arabia",Full Time,https://wuzzuf.net/jobs/p/g/CrBNjnF893UX-Data-Entry-Clerks-–-Remote-Work-Part-Time-Envirogent-Riyadh-Saudi-Arabia
Part-Time Data Entry Clerk - Remote Work,Envirogent -,"Riyadh, Saudi Arabia",Full Time,https://wuzzuf.net/jobs/p/g/rNTP0Z02xeMA-Part-Time-Data-Entry-Clerk---Remote-Work-Envirogent-Riyadh-Saudi-Arabia
Remote Work for Data Entry Clerk (Part Time),Envirogent -,"Riyadh, Saudi Arabia",Full Time,https://wuzzuf.net/jobs/p/g/RX7chbTLo02h-Remote-Work-for-Data-Entry-Clerk-Part-Time-Envirogent-Riyadh-Saudi-Arabia
Home Based Data Entry Clerk,Envirogent -,"Al Rayyan, Qatar",Full Time,https://wuzzuf.net/jobs/p/g/EgpwNRQHhqMC-Home-Based-Data-Entry-Clerk-Envirogent-Al-Rayyan-Qatar
Entry-Level Remote Data Entry Clerk,BigLeapGPS -,"Riyadh, Saudi Arabia",Full Time,https://wuzzuf.net/jobs/p/g/GbCwDuW1uTPq-Entry-Level-Remote-Data-Entry-Clerk-BigLeapGPS-Riyadh-Saudi-Arabia
Remote Data Entry Clerk (Full Time/Part Time),BigLeapGPS -,"Riyadh, Saudi Arabia",Full Time,https://wuzzuf.net/jobs/p/g/hCUMdCbTX8bt-Remote-Data-Entry-Clerk-Full-TimePart-Time-BigLeapGPS-Riyadh-Saudi-Arabia
Remote Data Entry Clerk - Entry Level,Steady State Sports -,"Dubai, United Arab Emirates",Full Time,https://wuzzuf.net/jobs/p/g/P35ENjAC77m8-Remote-Data-Entry-Clerk---Entry-Level-Steady-State-Sports-Dubai-United-Arab-Emirates
Online Data Entry Clerk (Remote),Steady State Sports -,"Dubai, United Arab Emirates",Full Time,https://wuzzuf.net/jobs/p/g/AkDYHtaALBBR-Online-Data-Entry-Clerk-Remote-Steady-State-Sports-Dubai-United-Arab-Emirates
Data Entry Clerk-Remote-Entry Level,Steady State Sports -,"Dubai, United Arab Emirates",Full Time,https://wuzzuf.net/jobs/p/g/K626VBmrVJ4M-Data-Entry-Clerk-Remote-Entry-Level-Steady-State-Sports-Dubai-United-Arab-Emirates
Urgent Data Entry Clerk (Work-From-Home),FinMed SA de CV -,"Riyadh, Saudi Arabia",Full Time,https://wuzzuf.net/jobs/p/g/O0RhDvJ5BwMf-Urgent-Data-Entry-Clerk-Work-From-Home-FinMed-SA-de-CV-Riyadh-Saudi-Arabia
Online Data Entry Operator Needed,FinMed SA de CV -,"Riyadh, Saudi Arabia",Full Time,https://wuzzuf.net/jobs/p/g/chOuReuoFvhR-Online-Data-Entry-Operator-Needed-FinMed-SA-de-CV-Riyadh-Saudi-Arabia
Entry-Level Remote Data Clerk,InfraSystems Solutions -,"Riyadh, Saudi Arabia",Full Time,https://wuzzuf.net/jobs/p/g/jrBLmRROLvkP-Entry-Level-Remote-Data-Clerk-InfraSystems-Solutions-Riyadh-Saudi-Arabia
Remote Work For Data Entry Clerk,"Prax Worldwide Media, Marketing, and Promotions -","Riyadh, Saudi Arabia",Full Time,https://wuzzuf.net/jobs/p/g/6QypdoHEYh4h-Remote-Work-For-Data-Entry-Clerk-Prax-Worldwide-Media-Marketing-and-Promotions-Riyadh-Saudi-Arabia
Easy Work-From-Home Data Entry Clerk,GE-V -,"Al Rayyan, Qatar",Full Time,https://wuzzuf.net/jobs/p/g/Z8PbCVJBfhpa-Easy-Work-From-Home-Data-Entry-Clerk-GE-V-Al-Rayyan-Qatar
Remote Data Entry Clerk (Part-Time Position),GE-V -,"Riyadh, Saudi Arabia",Full Time,https://wuzzuf.net/jobs/p/g/VemwRs8lIQfs-Remote-Data-Entry-Clerk-Part-Time-Position-GE-V-Riyadh-Saudi-Arabia
Remote Entry-Level Data Entry Clerk,GE-V -,"Riyadh, Saudi Arabia",Full Time,https://wuzzuf.net/jobs/p/g/2H0Fasziidqy-Remote-Entry-Level-Data-Entry-Clerk-GE-V-Riyadh-Saudi-Arabia
Remote Work for Data Entry Clerk (Part Time),"Safe Access, Inc -","Al Rayyan, Qatar",Full Time,https://wuzzuf.net/jobs/p/g/mFfmuzHFglwD-Remote-Work-for-Data-Entry-Clerk-Part-Time-Safe-Access-Inc-Al-Rayyan-Qatar
Remote Data Entry Clerk (Work From Home Role),MLKA photography -,"Riyadh, Saudi Arabia",Full Time,https://wuzzuf.net/jobs/p/g/SZ7lJPZ9BZZC-Remote-Data-Entry-Clerk-Work-From-Home-Role-MLKA-photography-Riyadh-Saudi-Arabia
Remote-Data Entry Clerk Needed,Artevist -,"Dubai, United Arab Emirates",Full Time,https://wuzzuf.net/jobs/p/g/lCoalr4euTyT-Remote-Data-Entry-Clerk-Needed-Artevist-Dubai-United-Arab-Emirates
Remote Work for Data Entry Clerk,Envirogent -,"Riyadh, Saudi Arabia",Full Time,https://wuzzuf.net/jobs/p/g/wzKZHXyjRyWP-Remote-Work-for-Data-Entry-Clerk-Envirogent-Riyadh-Saudi-Arabia
Remote Data Entry Clerk (Flexible Tasks),"Prax Worldwide Media, Marketing, and Promotions -","Al Rayyan, Qatar",Full Time,https://wuzzuf.net/jobs/p/g/ea1OcS5IUHv5-Remote-Data-Entry-Clerk-Flexible-Tasks-Prax-Worldwide-Media-Marketing-and-Promotions-Al-Rayyan-Qatar
Data Entry Clerk-Fully Remote,Artevist -,"Riyadh, Saudi Arabia",Full Time,https://wuzzuf.net/jobs/p/g/M2NM2pnE8QQ8-Data-Entry-Clerk-Fully-Remote-Artevist-Riyadh-Saudi-Arabia
Urgent Data Entry Clerk (Work-From-Home),GE-V -,"Al Rayyan, Qatar",Full Time,https://wuzzuf.net/jobs/p/g/T5Lsb5ifkO8B-Urgent-Data-Entry-Clerk-Work-From-Home-GE-V-Al-Rayyan-Qatar
Online Data Entry Clerk (Remote),Constructive Consultants -,"Riyadh, Saudi Arabia",Full Time,https://wuzzuf.net/jobs/p/g/z6GmIaIxhmsx-Online-Data-Entry-Clerk-Remote-Constructive-Consultants-Riyadh-Saudi-Arabia
Remote Data Entry Clerk (Entry Level Opening),Up-Tek IT Servicing & Consulting -,"Riyadh, Saudi Arabia",Full Time,https://wuzzuf.net/jobs/p/g/osCZ05javlLI-Remote-Data-Entry-Clerk-Entry-Level-Opening-Up-Tek-IT-Servicing-Consulting-Riyadh-Saudi-Arabia
Remote Work for Data Entry Clerk (Part Time),Die Lachswerkstatt -,"Riyadh, Saudi Arabia",Full Time,https://wuzzuf.net/jobs/p/g/Wx9uc2kcCdxz-Remote-Work-for-Data-Entry-Clerk-Part-Time-Die-Lachswerkstatt-Riyadh-Saudi-Arabia
Data Entry Clerk Admin (Remote) Work From Home,Urim Glass -,"Makkah, Saudi Arabia",Full Time,https://wuzzuf.net/jobs/p/g/lvSiNPOHhDB8-Data-Entry-Clerk-Admin-Remote-Work-From-Home-Urim-Glass-Makkah-Saudi-Arabia
Remote Data Entry Clerk (Entry Level Opening),ChangePath Consulting -,"Al Rayyan, Qatar",Full Time,https://wuzzuf.net/jobs/p/g/UXx5UTU5QmwL-Remote-Data-Entry-Clerk-Entry-Level-Opening-ChangePath-Consulting-Al-Rayyan-Qatar
Entry Level Remote Data Entry Clerk,WXSYS Corporation -,"Riyadh, Saudi Arabia",Full Time,https://wuzzuf.net/jobs/p/g/QAC8SY42aRq0-Entry-Level-Remote-Data-Entry-Clerk-WXSYS-Corporation-Riyadh-Saudi-Arabia
Data Entry Clerk Assistant (100% Remote),Strength-motion; Inc -,"Makkah, Saudi Arabia",Full Time,https://wuzzuf.net/jobs/p/g/2z3tV5VmQXem-Data-Entry-Clerk-Assistant-100-Remote-Strength-motion-Inc-Makkah-Saudi-Arabia
Entry-Level Data Entry Clerk Admin (Fully Remote),Urim Glass -,"Makkah, Saudi Arabia",Full Time,https://wuzzuf.net/jobs/p/g/8hxd73U9WJZq-Entry-Level-Data-Entry-Clerk-Admin-Fully-Remote-Urim-Glass-Makkah-Saudi-Arabia
Data Entry Clerk Admin (Fully Remote),Urim Glass -,"Makkah, Saudi Arabia",Full Time,https://wuzzuf.net/jobs/p/g/8uQSOelkXLYk-Data-Entry-Clerk-Admin-Fully-Remote-Urim-Glass-Makkah-Saudi-Arabia
Data Entry Clerk Assistant (100% Remote),Urim Glass -,"Makkah, Saudi Arabia",Full Time,https://wuzzuf.net/jobs/p/g/xTOdv4ybogjV-Data-Entry-Clerk-Assistant-100-Remote-Urim-Glass-Makkah-Saudi-Arabia
Online Data Entry Clerk (Remote),Campfire Consulting -,"Dubai, United Arab Emirates",Full Time,https://wuzzuf.net/jobs/p/g/L8guNGPFRvyw-Online-Data-Entry-Clerk-Remote-Campfire-Consulting-Dubai-United-Arab-Emirates
Chief Financial Officer CFO,Confidential -,"New Cairo, Cairo, Egypt",Full Time,https://wuzzuf.net/jobs/p/y8n0RLGWc4Lu-Chief-Financial-Officer-CFO-Cairo-Egypt
Remote Data Entry Clerk (Part Time),eXpertiese werving+selectie -,"Dubai, United Arab Emirates",Full Time,https://wuzzuf.net/jobs/p/g/sTZn5wSkGks5-Remote-Data-Entry-Clerk-Part-Time-eXpertiese-wervingselectie-Dubai-United-Arab-Emirates
Data Entry Clerk Assistant,Campfire Consulting -,"Dubai, United Arab Emirates",Full Time,https://wuzzuf.net/jobs/p/g/7lbqb3Bau1P3-Data-Entry-Clerk-Assistant-Campfire-Consulting-Dubai-United-Arab-Emirates
Remote Work for Data Entry Clerk (Part Time),Networkyourstock.com -,"Makkah, Saudi Arabia",Full Time,https://wuzzuf.net/jobs/p/g/SqfNcO8CCEvu-Remote-Work-for-Data-Entry-Clerk-Part-Time-Networkyourstock-com-Makkah-Saudi-Arabia
Data Engineer,Tools & Solutions -,"Riyadh, Saudi Arabia",Full Time,https://wuzzuf.net/jobs/p/g/IDwjlkt6jtT4-Data-Engineer-Tools-Solutions-Riyadh-Saudi-Arabia
Remote Data Entry Clerk (Entry Level),Bantu Web Design Solutions -,"Riyadh, Saudi Arabia",Full Time,https://wuzzuf.net/jobs/p/g/s3CFULVUa6eX-Remote-Data-Entry-Clerk-Entry-Level-Bantu-Web-Design-Solutions-Riyadh-Saudi-Arabia
Remote Work for Data Entry Clerk (Part Time),Date Tracking AB -,"Dubai, United Arab Emirates",Full Time,https://wuzzuf.net/jobs/p/g/lPwW9IDveeZD-Remote-Work-for-Data-Entry-Clerk-Part-Time-Date-Tracking-AB-Dubai-United-Arab-Emirates
Data Entry Clerk Remote  (Entry Level),Networkyourstock.com -,"Dubai, United Arab Emirates",Full Time,https://wuzzuf.net/jobs/p/g/7bCx5ebONd8B-Data-Entry-Clerk-Remote-Entry-Level-Networkyourstock-com-Dubai-United-Arab-Emirates
Data Entry Clerk Admin (Remote) Work From Home,Networkyourstock.com -,"Makkah, Saudi Arabia",Full Time,https://wuzzuf.net/jobs/p/g/2a51jhb12WTb-Data-Entry-Clerk-Admin-Remote-Work-From-Home-Networkyourstock-com-Makkah-Saudi-Arabia
Remote Online Data Entry Clerk (Entry Level),"The Travel Service, LLC -","Dubai, United Arab Emirates",Full Time,https://wuzzuf.net/jobs/p/g/KziP1y724El6-Remote-Online-Data-Entry-Clerk-Entry-Level-The-Travel-Service-LLC-Dubai-United-Arab-Emirates
Remote Work for Data Entry Clerk (Part Time),Futuresafe Planning Ltd -,"Riyadh, Saudi Arabia",Full Time,https://wuzzuf.net/jobs/p/g/ImPSTjScEJNg-Remote-Work-for-Data-Entry-Clerk-Part-Time-Futuresafe-Planning-Ltd-Riyadh-Saudi-Arabia
Remote Entry Level Data Entry Clerk,"The Travel Service, LLC -","Riyadh, Saudi Arabia",Full Time,https://wuzzuf.net/jobs/p/g/zkTC7pKpPKhW-Remote-Entry-Level-Data-Entry-Clerk-The-Travel-Service-LLC-Riyadh-Saudi-Arabia
Remote Data Entry Clerk (Immediate),"The Travel Service, LLC -","Dubai, United Arab Emirates",Full Time,https://wuzzuf.net/jobs/p/g/eDwtzlGbiYmy-Remote-Data-Entry-Clerk-Immediate-The-Travel-Service-LLC-Dubai-United-Arab-Emirates
Entry-Level Remote Data Entry Clerk,"The Travel Service, LLC -","Riyadh, Saudi Arabia",Full Time,https://wuzzuf.net/jobs/p/g/X1xvxjyxqVNE-Entry-Level-Remote-Data-Entry-Clerk-The-Travel-Service-LLC-Riyadh-Saudi-Arabia
Remote Work for Data Entry Clerk (Part Time),MRPR Aps V/Brasserie Mundgott -,"Dubai, United Arab Emirates",Full Time,https://wuzzuf.net/jobs/p/g/dPnKW4z8zFM3-Remote-Work-for-Data-Entry-Clerk-Part-Time-MRPR-Aps-VBrasserie-Mundgott-Dubai-United-Arab-Emirates
Data Entry Clerk Remote  (Entry Level),Grafisch Productiebureau Hermes -,"Makkah, Saudi Arabia",Full Time,https://wuzzuf.net/jobs/p/g/yKqy3sgPsZH5-Data-Entry-Clerk-Remote-Entry-Level-Grafisch-Productiebureau-Hermes-Makkah-Saudi-Arabia
Entry-Level Data Entry Clerk Admin (Fully Remote),Networkyourstock.com -,"Makkah, Saudi Arabia",Full Time,https://wuzzuf.net/jobs/p/g/4EOTjvZrm2cZ-Entry-Level-Data-Entry-Clerk-Admin-Fully-Remote-Networkyourstock-com-Makkah-Saudi-Arabia
Data Entry Clerk Admin (Fully Remote),Networkyourstock.com -,"Makkah, Saudi Arabia",Full Time,https://wuzzuf.net/jobs/p/g/MBZAgmNORXJw-Data-Entry-Clerk-Admin-Fully-Remote-Networkyourstock-com-Makkah-Saudi-Arabia
Data Entry Specialist - Work From Home,Constructive Consultants -,"Riyadh, Saudi Arabia",Full Time,https://wuzzuf.net/jobs/p/g/XhkqVxuCLjhQ-Data-Entry-Specialist---Work-From-Home-Constructive-Consultants-Riyadh-Saudi-Arabia
Jr. Data Scientist,DXC Technology -,"Dubai, United Arab Emirates",Full Time,https://wuzzuf.net/jobs/p/g/ezA0aIhZNB6u-Jr-Data-Scientist-DXC-Technology-Dubai-United-Arab-Emirates
Data Entry Specialist - Customer Service Records,Intoude Foundation -,"Kuwait City, Kuwait",Full Time,https://wuzzuf.net/jobs/p/g/1ywSfUxC6Yhp-Data-Entry-Specialist---Customer-Service-Records-Intoude-Foundation-Kuwait-City-Kuwait
Remote Data Entry Clerk (Flexible Tasks),Entrepreneurial University for Women -,"Dubai, United Arab Emirates",Full Time,https://wuzzuf.net/jobs/p/g/amMyvWtEG0XY-Remote-Data-Entry-Clerk-Flexible-Tasks-Entrepreneurial-University-for-Women-Dubai-United-Arab-Emirates
Online Data Entry Operator Needed,Entrepreneurial University for Women -,"Dubai, United Arab Emirates",Full Time,https://wuzzuf.net/jobs/p/g/zrIlDuoPvOiB-Online-Data-Entry-Operator-Needed-Entrepreneurial-University-for-Women-Dubai-United-Arab-Emirates
Easy Work-From-Home Data Entry Clerk,Entrepreneurial University for Women -,"Riyadh, Saudi Arabia",Full Time,https://wuzzuf.net/jobs/p/g/h7TIjPzwHvOW-Easy-Work-From-Home-Data-Entry-Clerk-Entrepreneurial-University-for-Women-Riyadh-Saudi-Arabia
Remote Work for Data Entry Clerk (Part Time),Progressive Solar Heating ltd -,"Riyadh, Saudi Arabia",Full Time,https://wuzzuf.net/jobs/p/g/WYnbIzSuMblO-Remote-Work-for-Data-Entry-Clerk-Part-Time-Progressive-Solar-Heating-ltd-Riyadh-Saudi-Arabia
Remote Data Entry Clerks - Immediate Role,Entrepreneurial University for Women -,"Riyadh, Saudi Arabia",Full Time,https://wuzzuf.net/jobs/p/g/1AutPDVpukph-Remote-Data-Entry-Clerks---Immediate-Role-Entrepreneurial-University-for-Women-Riyadh-Saudi-Arabia
Data Entry Clerk Position (Work From Home),netMercs Group -,"Riyadh, Saudi Arabia",Full Time,https://wuzzuf.net/jobs/p/g/lCAsvsAVMyvQ-Data-Entry-Clerk-Position-Work-From-Home-netMercs-Group-Riyadh-Saudi-Arabia
Online Data Entry Operator Needed,netMercs Group -,"Riyadh, Saudi Arabia",Full Time,https://wuzzuf.net/jobs/p/g/PIaf5n8Uzxc4-Online-Data-Entry-Operator-Needed-netMercs-Group-Riyadh-Saudi-Arabia
Data Governance,HR Ways - Hiring Tech Talent -,"Makkah, Saudi Arabia",Full Time,https://wuzzuf.net/jobs/p/g/3VbtcnDyYrlX-Data-Governance-HR-Ways---Hiring-Tech-Talent-Makkah-Saudi-Arabia
Part-Time Data Entry Clerk - Remote Work,Up-Tek IT Servicing & Consulting -,"Riyadh, Saudi Arabia",Full Time,https://wuzzuf.net/jobs/p/g/C6jm0za11ew2-Part-Time-Data-Entry-Clerk---Remote-Work-Up-Tek-IT-Servicing-Consulting-Riyadh-Saudi-Arabia
Data Input Specialist - Healthcare Information Systems,Intoude Foundation -,"Riyadh, Saudi Arabia",Full Time,https://wuzzuf.net/jobs/p/g/v8nYDcqZxWIF-Data-Input-Specialist---Healthcare-Information-Systems-Intoude-Foundation-Riyadh-Saudi-Arabia
Home Based Data Entry Clerk,eXpertiese werving+selectie -,"Riyadh, Saudi Arabia",Full Time,https://wuzzuf.net/jobs/p/g/oZLJTvXcab7o-Home-Based-Data-Entry-Clerk-eXpertiese-wervingselectie-Riyadh-Saudi-Arabia
Data Entry Specialist - Entry level (Remote),ScoutMine -,"Riyadh, Saudi Arabia",Full Time,https://wuzzuf.net/jobs/p/g/9AnewwKDPskl-Data-Entry-Specialist---Entry-level-Remote-ScoutMine-Riyadh-Saudi-Arabia
Remote Work for Data Entry Clerk (Part Time),MLKA photography -,"Riyadh, Saudi Arabia",Full Time,https://wuzzuf.net/jobs/p/g/39chYWPixPwy-Remote-Work-for-Data-Entry-Clerk-Part-Time-MLKA-photography-Riyadh-Saudi-Arabia
Home Based Data Entry Clerk,Constructive Consultants -,"Riyadh, Saudi Arabia",Full Time,https://wuzzuf.net/jobs/p/g/2XE3VPxq8VT8-Home-Based-Data-Entry-Clerk-Constructive-Consultants-Riyadh-Saudi-Arabia
Data Entry Clerk Admin (Remote) Work From Home,Grafisch Productiebureau Hermes -,"Makkah, Saudi Arabia",Full Time,https://wuzzuf.net/jobs/p/g/yyfe7iOZXI73-Data-Entry-Clerk-Admin-Remote-Work-From-Home-Grafisch-Productiebureau-Hermes-Makkah-Saudi-Arabia
Remote Work for Data Entry Clerk (Part Time),Grafisch Productiebureau Hermes -,"Makkah, Saudi Arabia",Full Time,https://wuzzuf.net/jobs/p/g/L0Zi1rgB3UEp-Remote-Work-for-Data-Entry-Clerk-Part-Time-Grafisch-Productiebureau-Hermes-Makkah-Saudi-Arabia
Remote Data Entry Clerks - Immediate Role,Campfire Consulting -,"Dubai, United Arab Emirates",Full Time,https://wuzzuf.net/jobs/p/g/fZM8od0oLmJt-Remote-Data-Entry-Clerks---Immediate-Role-Campfire-Consulting-Dubai-United-Arab-Emirates
Urgent Data Entry Clerk (Work-From-Home),Campfire Consulting -,"Al Rayyan, Qatar",Full Time,https://wuzzuf.net/jobs/p/g/OBJVvf9ChwHl-Urgent-Data-Entry-Clerk-Work-From-Home-Campfire-Consulting-Al-Rayyan-Qatar
Remote Data Entry Clerk (Work From Home),Pylade Ltd. -,"Riyadh, Saudi Arabia",Full Time,https://wuzzuf.net/jobs/p/g/GvbiJQWENzrc-Remote-Data-Entry-Clerk-Work-From-Home-Pylade-Ltd-Riyadh-Saudi-Arabia
Data Entry Clerk Assistant (100% Remote),Networkyourstock.com -,"Makkah, Saudi Arabia",Full Time,https://wuzzuf.net/jobs/p/g/9ZPgpttYC27B-Data-Entry-Clerk-Assistant-100-Remote-Networkyourstock-com-Makkah-Saudi-Arabia
Data Entry Clerk Assistant (100% Remote),Grafisch Productiebureau Hermes -,"Makkah, Saudi Arabia",Full Time,https://wuzzuf.net/jobs/p/g/mKJWCjrcg7z5-Data-Entry-Clerk-Assistant-100-Remote-Grafisch-Productiebureau-Hermes-Makkah-Saudi-Arabia
Remote Data Entry Clerk(Entry-Level Part-Time Job),netMercs Group -,"Dubai, United Arab Emirates",Full Time,https://wuzzuf.net/jobs/p/g/WuyNy4tWyTYU-Remote-Data-Entry-ClerkEntry-Level-Part-Time-Job-netMercs-Group-Dubai-United-Arab-Emirates
Remote Data Entry Clerk - Flexible Work From Home,netMercs Group -,"Dubai, United Arab Emirates",Full Time,https://wuzzuf.net/jobs/p/g/4bBHqMmG2KPQ-Remote-Data-Entry-Clerk---Flexible-Work-From-Home-netMercs-Group-Dubai-United-Arab-Emirates
Virtual Data Entry Admin Clerk (Remote),MRPR Aps V/Brasserie Mundgott -,"Riyadh, Saudi Arabia",Full Time,https://wuzzuf.net/jobs/p/g/ac5Ilkq0YUpO-Virtual-Data-Entry-Admin-Clerk-Remote-MRPR-Aps-VBrasserie-Mundgott-Riyadh-Saudi-Arabia
Consumer Insights Specialist,Intoude Foundation Too -,"Riyadh, Saudi Arabia",Full Time,https://wuzzuf.net/jobs/p/g/D7uttCsZQZ6s-Consumer-Insights-Specialist-Intoude-Foundation-Too-Riyadh-Saudi-Arabia
Entry-Level Data Entry Clerk Admin (Fully Remote),Grafisch Productiebureau Hermes -,"Makkah, Saudi Arabia",Full Time,https://wuzzuf.net/jobs/p/g/gMPzCPwHj1Ib-Entry-Level-Data-Entry-Clerk-Admin-Fully-Remote-Grafisch-Productiebureau-Hermes-Makkah-Saudi-Arabia
Easy Work-From-Home Data Entry Clerk,ChangePath Consulting -,"Dubai, United Arab Emirates",Full Time,https://wuzzuf.net/jobs/p/g/3R0Eg329q0ma-Easy-Work-From-Home-Data-Entry-Clerk-ChangePath-Consulting-Dubai-United-Arab-Emirates
Data Entry Clerk Admin (Fully Remote),Grafisch Productiebureau Hermes -,"Makkah, Saudi Arabia",Full Time,https://wuzzuf.net/jobs/p/g/97Oe3KGp1doh-Data-Entry-Clerk-Admin-Fully-Remote-Grafisch-Productiebureau-Hermes-Makkah-Saudi-Arabia
Consumer Insights Specialist,Voli_Agency _LLC -,"Riyadh, Saudi Arabia",Full Time,https://wuzzuf.net/jobs/p/g/Th21QCwbhsd7-Consumer-Insights-Specialist-VoliAgency-LLC-Riyadh-Saudi-Arabia
Credit Officer,M Hotel Al Dana Makkah By Millennium -,"Makkah, Saudi Arabia",Full Time,https://wuzzuf.net/jobs/p/g/B3UzfHyo7nUq-Credit-Officer-M-Hotel-Al-Dana-Makkah-By-Millennium-Makkah-Saudi-Arabia
Data Management Expert,"Zakat, Tax and Customs Authority -","Riyadh, Saudi Arabia",Full Time,https://wuzzuf.net/jobs/p/g/oVjIWqsxK3tV-Data-Management-Expert-Zakat-Tax-and-Customs-Authority-Riyadh-Saudi-Arabia
Data Scientist,JOBWORLD INDIA -,"Dubai, United Arab Emirates",Full Time,https://wuzzuf.net/jobs/p/g/0OoZuSDLdPwj-Data-Scientist-JOBWORLD-INDIA-Dubai-United-Arab-Emirates
Data Entry Clerk Admin (Remote) Work From Home,Pylade Ltd. -,"Riyadh, Saudi Arabia",Full Time,https://wuzzuf.net/jobs/p/g/0DxjsiMl7S5Q-Data-Entry-Clerk-Admin-Remote-Work-From-Home-Pylade-Ltd-Riyadh-Saudi-Arabia
Easy Work-From-Home Data Entry Clerk,Tulsey Town Development Company LLC -,"Al Rayyan, Qatar",Full Time,https://wuzzuf.net/jobs/p/g/fZ1AWxJCmbg8-Easy-Work-From-Home-Data-Entry-Clerk-Tulsey-Town-Development-Company-LLC-Al-Rayyan-Qatar
Online Data Entry Clerk (Remote),ScoutMine -,"Dubai, United Arab Emirates",Full Time,https://wuzzuf.net/jobs/p/g/lsD6yEhDD0Eh-Online-Data-Entry-Clerk-Remote-ScoutMine-Dubai-United-Arab-Emirates
Data Entry Specialist - Full-time (Remote),ScoutMine -,"Dubai, United Arab Emirates",Full Time,https://wuzzuf.net/jobs/p/g/sM6kxdbAoSEd-Data-Entry-Specialist---Full-time-Remote-ScoutMine-Dubai-United-Arab-Emirates
Virtual Data Entry Admin Clerk (Remote),Progressive Solar Heating ltd -,"Riyadh, Saudi Arabia",Full Time,https://wuzzuf.net/jobs/p/g/yxIoUbGShHWd-Virtual-Data-Entry-Admin-Clerk-Remote-Progressive-Solar-Heating-ltd-Riyadh-Saudi-Arabia
Junior Data Entry Clerk (Remote),ScoutMine -,"Makkah, Saudi Arabia",Full Time,https://wuzzuf.net/jobs/p/g/GzibIa6403Nq-Junior-Data-Entry-Clerk-Remote-ScoutMine-Makkah-Saudi-Arabia
Data Entry Clerk / Full-time (Remote),ScoutMine -,"Riyadh, Saudi Arabia",Full Time,https://wuzzuf.net/jobs/p/g/owAyl1vwzhA3-Data-Entry-Clerk-Full-time-Remote-ScoutMine-Riyadh-Saudi-Arabia
Data Entry Clerk Admin (Remote),ScoutMine -,"Riyadh, Saudi Arabia",Full Time,https://wuzzuf.net/jobs/p/g/IR8xkICNsgkN-Data-Entry-Clerk-Admin-Remote-ScoutMine-Riyadh-Saudi-Arabia
Data Entry Clerk Admin (Remote) Work From Home,GO! Web 2.0 -,"Dubai, United Arab Emirates",Full Time,https://wuzzuf.net/jobs/p/g/MGDkjxyW96F1-Data-Entry-Clerk-Admin-Remote-Work-From-Home-GO-Web-2-0-Dubai-United-Arab-Emirates
Remote Work for Data Entry Clerk (Part Time),netMercs Group -,"Al Rayyan, Qatar",Full Time,https://wuzzuf.net/jobs/p/g/iAnZJZIgi45J-Remote-Work-for-Data-Entry-Clerk-Part-Time-netMercs-Group-Al-Rayyan-Qatar
Remote Position For Data Entry Clerk,"The Travel Service, LLC -","Riyadh, Saudi Arabia",Full Time,https://wuzzuf.net/jobs/p/g/gWe8VHRANV8z-Remote-Position-For-Data-Entry-Clerk-The-Travel-Service-LLC-Riyadh-Saudi-Arabia
Urgent Data Entry Clerk (Work-From-Home),Up-Tek IT Servicing & Consulting -,"Riyadh, Saudi Arabia",Full Time,https://wuzzuf.net/jobs/p/g/WHJ7KU9A0krv-Urgent-Data-Entry-Clerk-Work-From-Home-Up-Tek-IT-Servicing-Consulting-Riyadh-Saudi-Arabia
Easy Work-From-Home Data Entry Clerk,Up-Tek IT Servicing & Consulting -,"Riyadh, Saudi Arabia",Full Time,https://wuzzuf.net/jobs/p/g/vmcgpFCea9Gi-Easy-Work-From-Home-Data-Entry-Clerk-Up-Tek-IT-Servicing-Consulting-Riyadh-Saudi-Arabia
Data Entry Clerk Admin (Remote) Work From Hom,Spinova -,"Dubai, United Arab Emirates",Full Time,https://wuzzuf.net/jobs/p/g/dHvLseSiEvmG-Data-Entry-Clerk-Admin-Remote-Work-From-Hom-Spinova-Dubai-United-Arab-Emirates
Online Data Entry Operator Needed,Campfire Consulting -,"Dubai, United Arab Emirates",Full Time,https://wuzzuf.net/jobs/p/g/xuCXfE8KM16G-Online-Data-Entry-Operator-Needed-Campfire-Consulting-Dubai-United-Arab-Emirates
Data Entry Clerk Position (Work From Home),Campfire Consulting -,"Dubai, United Arab Emirates",Full Time,https://wuzzuf.net/jobs/p/g/HzAlb8jghfe5-Data-Entry-Clerk-Position-Work-From-Home-Campfire-Consulting-Dubai-United-Arab-Emirates
Remote Data Entry Clerk (Part-Time/Full-Time),ChangePath Consulting -,"Dubai, United Arab Emirates",Full Time,https://wuzzuf.net/jobs/p/g/JPpNBVcJAHR7-Remote-Data-Entry-Clerk-Part-TimeFull-Time-ChangePath-Consulting-Dubai-United-Arab-Emirates
Data Entry Clerk Admin (Remote) Work From Home,MRPR Aps V/Brasserie Mundgott -,"Riyadh, Saudi Arabia",Full Time,https://wuzzuf.net/jobs/p/g/mJk91hmyXthy-Data-Entry-Clerk-Admin-Remote-Work-From-Home-MRPR-Aps-VBrasserie-Mundgott-Riyadh-Saudi-Arabia
Entry-Level Remote Data Entry Clerk,Bantu Web Design Solutions -,"Riyadh, Saudi Arabia",Full Time,https://wuzzuf.net/jobs/p/g/7KPdsHQvemDn-Entry-Level-Remote-Data-Entry-Clerk-Bantu-Web-Design-Solutions-Riyadh-Saudi-Arabia
Data Entry Clerk Admin (Remote) Work From Home,www.PokenCape.co.za -,"Dubai, United Arab Emirates",Full Time,https://wuzzuf.net/jobs/p/g/Uq2Wi6q6WfNT-Data-Entry-Clerk-Admin-Remote-Work-From-Home-www-PokenCape-co-za-Dubai-United-Arab-Emirates
Remote Work for Data Entry Clerk,Networkyourstock.com -,"Riyadh, Saudi Arabia",Full Time,https://wuzzuf.net/jobs/p/g/oIAv3kdPlORP-Remote-Work-for-Data-Entry-Clerk-Networkyourstock-com-Riyadh-Saudi-Arabia
MicroStrategy Developer,Cognizant -,"Riyadh, Saudi Arabia",Full Time,https://wuzzuf.net/jobs/p/g/PPttuwAOyGZ3-MicroStrategy-Developer-Cognizant-Riyadh-Saudi-Arabia
Remote Work for Data Entry Clerk,Constructive Consultants -,"Riyadh, Saudi Arabia",Full Time,https://wuzzuf.net/jobs/p/g/kMVv5Pkb6aJX-Remote-Work-for-Data-Entry-Clerk-Constructive-Consultants-Riyadh-Saudi-Arabia
Part-Time Data Entry Clerk - Remote Work,Entrepreneurial University for Women -,"Riyadh, Saudi Arabia",Full Time,https://wuzzuf.net/jobs/p/g/rvIWlzxOEKM4-Part-Time-Data-Entry-Clerk---Remote-Work-Entrepreneurial-University-for-Women-Riyadh-Saudi-Arabia
Entry-Level Remote Data Entry Clerk,eXpertiese werving+selectie -,"Riyadh, Saudi Arabia",Full Time,https://wuzzuf.net/jobs/p/g/4bLg6WllX2wV-Entry-Level-Remote-Data-Entry-Clerk-eXpertiese-wervingselectie-Riyadh-Saudi-Arabia
Data Entry Clerk Admin (Remote) Work From Home,Date Tracking AB -,"Dubai, United Arab Emirates",Full Time,https://wuzzuf.net/jobs/p/g/cS7FjlrmPLnU-Data-Entry-Clerk-Admin-Remote-Work-From-Home-Date-Tracking-AB-Dubai-United-Arab-Emirates
Virtual Data Entry Admin Clerk (Remote),QUBICHOUSE MODULAR HOMES -,"Dubai, United Arab Emirates",Full Time,https://wuzzuf.net/jobs/p/g/tD2A6Ah09XiZ-Virtual-Data-Entry-Admin-Clerk-Remote-QUBICHOUSE-MODULAR-HOMES-Dubai-United-Arab-Emirates
Data Entry Clerk Admin (Remote) Work From Home,QUBICHOUSE MODULAR HOMES -,"Dubai, United Arab Emirates",Full Time,https://wuzzuf.net/jobs/p/g/4yARq6rowLW4-Data-Entry-Clerk-Admin-Remote-Work-From-Home-QUBICHOUSE-MODULAR-HOMES-Dubai-United-Arab-Emirates
Virtual Data Entry Admin Clerk (Remote),Futuresafe Planning Ltd -,"Dubai, United Arab Emirates",Full Time,https://wuzzuf.net/jobs/p/g/zurrZqvT5pqh-Virtual-Data-Entry-Admin-Clerk-Remote-Futuresafe-Planning-Ltd-Dubai-United-Arab-Emirates
Data Entry Clerk Admin (Remote) Work From Home,Futuresafe Planning Ltd -,"Dubai, United Arab Emirates",Full Time,https://wuzzuf.net/jobs/p/g/Yl1LuU0StM0T-Data-Entry-Clerk-Admin-Remote-Work-From-Home-Futuresafe-Planning-Ltd-Dubai-United-Arab-Emirates
Remote Data Entry Clerk (Work From Home),National Business & Law Association -,"Makkah, Saudi Arabia",Full Time,https://wuzzuf.net/jobs/p/g/FjMxosR6Leqe-Remote-Data-Entry-Clerk-Work-From-Home-National-Business-Law-Association-Makkah-Saudi-Arabia
Data Entry Clerk Admin (Remote) Work From Home,Die Lachswerkstatt -,"Riyadh, Saudi Arabia",Full Time,https://wuzzuf.net/jobs/p/g/7ocxJw15dmOh-Data-Entry-Clerk-Admin-Remote-Work-From-Home-Die-Lachswerkstatt-Riyadh-Saudi-Arabia
Data Entry Clerk Admin (Remote) Work From Home,Progressive Solar Heating ltd -,"Riyadh, Saudi Arabia",Full Time,https://wuzzuf.net/jobs/p/g/OxNKpJyFYBCe-Data-Entry-Clerk-Admin-Remote-Work-From-Home-Progressive-Solar-Heating-ltd-Riyadh-Saudi-Arabia
Data Engineer,Jadeer -,"Riyadh, Saudi Arabia",Full Time,https://wuzzuf.net/jobs/p/g/XUCrAL3tnEur-Data-Engineer-Jadeer-Riyadh-Saudi-Arabia
Remote Data Entry Clerk (Work From Home),Invents & Marks -,"Riyadh, Saudi Arabia",Full Time,https://wuzzuf.net/jobs/p/g/4iTGDhBwD8xa-Remote-Data-Entry-Clerk-Work-From-Home-Invents-Marks-Riyadh-Saudi-Arabia
DATA ANALYTICS OFFICER,dnata -,"Dubai, United Arab Emirates",Full Time,https://wuzzuf.net/jobs/p/g/RKCBLMdEYZ2n-DATA-ANALYTICS-OFFICER-dnata-Dubai-United-Arab-Emirates
Remote Data Entry Clerk (Work From Home),GO! Web 2.0 -,"Riyadh, Saudi Arabia",Full Time,https://wuzzuf.net/jobs/p/g/VOPTv0Q7qNeC-Remote-Data-Entry-Clerk-Work-From-Home-GO-Web-2-0-Riyadh-Saudi-Arabia
Social Data Anaylst,Media.Monks -,"Riyadh, Saudi Arabia",Full Time,https://wuzzuf.net/jobs/p/g/sptFz4Um6ymA-Social-Data-Anaylst-Media-Monks-Riyadh-Saudi-Arabia
Consumer Insights Specialist,Intoude Foundation -,"Kuwait City, Kuwait",Full Time,https://wuzzuf.net/jobs/p/g/ODs6n3ayjpYD-Consumer-Insights-Specialist-Intoude-Foundation-Kuwait-City-Kuwait
Tax | Business Tax | Associate,Jobs via eFinancialCareers -,"Doha, Qatar",Full Time,https://wuzzuf.net/jobs/p/g/vWoPUK5SJXm5-Tax-Business-Tax-Associate-Jobs-via-eFinancialCareers-Doha-Qatar
Full stack Developer (.Net Core & Angular),BI-Technologies -,"New Cairo, Cairo, Egypt",Full Time,https://wuzzuf.net/jobs/p/b0S3fBdNmYRn-Full-stack-Developer-Net-Core-Angular-BI-Technologies-Cairo-Egypt
Research Scientist,Nathan & Nathan -,"Dubai, United Arab Emirates",Full Time,https://wuzzuf.net/jobs/p/g/4dLGs5teyXUS-Research-Scientist-Nathan-Nathan-Dubai-United-Arab-Emirates
Machine Learning Scientist,Jadeer -,"Riyadh, Saudi Arabia",Full Time,https://wuzzuf.net/jobs/p/g/ttEDOxQN95Yp-Machine-Learning-Scientist-Jadeer-Riyadh-Saudi-Arabia
Performance Test Lead,Virtusa -,"Doha, Qatar",Full Time,https://wuzzuf.net/jobs/p/g/220cktIXONA6-Performance-Test-Lead-Virtusa-Doha-Qatar
Accounting Manager,Taamy -,"New Cairo, Cairo, Egypt",Full Time,https://wuzzuf.net/jobs/p/KtG8PA6q3e3l-Accounting-Manager-Taamy-Cairo-Egypt
Tax Accountant,Azza Fahmy Jewellery -,"6th of October, Giza, Egypt",Full Time,https://wuzzuf.net/jobs/p/AHaO5KkbIUTv-Tax-Accountant-Azza-Fahmy-Jewellery-Giza-Egypt
Cost Accounting Supervisor,Al Hayat Capital -,"Mokattam, Cairo, Egypt",Full Time,https://wuzzuf.net/jobs/p/bWjIE2xMyJ9X-Cost-Accounting-Supervisor-Al-Hayat-Capital-Cairo-Egypt
Senior Cost Accountant (Home furniture manufacturing),Confidential -,"New Cairo, Cairo, Egypt",Full Time,https://wuzzuf.net/jobs/p/lxiUWMKpCqHf-Senior-Cost-Accountant-Home-furniture-manufacturing-Cairo-Egypt
Cost Accountant Supervisor,Misr Elhegaz Group -,"Heliopolis, Cairo, Egypt",Full Time,https://wuzzuf.net/jobs/p/NaN7pbtXdUhi-Cost-Accountant-Supervisor-Misr-Elhegaz-Group-Cairo-Egypt
Cost Accountant,Misr Elhegaz Group -,"Heliopolis, Cairo, Egypt",Full Time,https://wuzzuf.net/jobs/p/7avv4hW9LGmw-Cost-Accountant-Misr-Elhegaz-Group-Cairo-Egypt
Cost Accountant,MEDIC -,"Cairo, Egypt",Full Time,https://wuzzuf.net/jobs/p/WOldgyF2YToM-Cost-Accountant-MEDIC-Cairo-Egypt
Accounting Supervisor,Turbo Egypt Compression -,"Heliopolis, Cairo, Egypt",Full Time,https://wuzzuf.net/jobs/p/kPhaM2M9JS4G-Accounting-Supervisor-Turbo-Egypt-Compression-Cairo-Egypt
Cost Accountant,Confidential -,"Nasr City, Cairo, Egypt",Full Time,https://wuzzuf.net/jobs/p/ecwFxwYwrW2m-Cost-Accountant-Cairo-Egypt
Senior Cost Accountant,Confidential -,"Nasr City, Cairo, Egypt",Full Time,https://wuzzuf.net/jobs/p/h0G19HNm6MN7-Senior-Cost-Accountant-Cairo-Egypt
Cost Accountant,Kasrawy Group -,"Abu Rawash, Giza, Egypt",Full Time,https://wuzzuf.net/jobs/p/07kEvpbvefj0-Cost-Accountant-Kasrawy-Group-Giza-Egypt
Receivables Accountant,Elabd Foods -,"Abu Rawash, Giza, Egypt",Full Time,https://wuzzuf.net/jobs/p/jR7PCAAixs33-Receivables-Accountant-Elabd-Foods-Giza-Egypt
General Accounting,SAYYAD Holding  -,"Hurghada, Red Sea, Egypt",Part Time,https://wuzzuf.net/jobs/p/N3NP5ozGeCyd-General-Accounting-SAYYAD-Holding-Red-Sea-Egypt
Foreign Purchasing Specialist,BTC-Egypt Gold -,"Obour City, Cairo, Egypt",Full Time,https://wuzzuf.net/jobs/p/hLPXHSC7IkYL-Foreign-Purchasing-Specialist-BTC-Egypt-Gold-Cairo-Egypt
Oracle (Forms & Reports) Developer,ITFusion -,"Maadi, Cairo, Egypt",Full Time,https://wuzzuf.net/jobs/p/xrf2h34Zo2hk-Oracle-Forms-Reports-Developer-ITFusion-Cairo-Egypt
Profile Specialist,Argaam -,"Mohandessin, Giza, Egypt",Full Time,https://wuzzuf.net/jobs/p/sL9vvPLhpDOe-Profile-Specialist-Argaam-Giza-Egypt
Full Stack Developer (Junior/middle level) (.NET- Angular/react),MiracleEgypt -,"Hadayek Alahram, Giza, Egypt",Full Time,https://wuzzuf.net/jobs/p/9dahI1phMnbZ-Full-Stack-Developer-Juniormiddle-level-NET--Angularreact-MiracleEgypt-Giza-Egypt
Quality Assurance Specialist,MATGR For Engineering And Trading -,"New Cairo, Cairo, Egypt",Full Time,https://wuzzuf.net/jobs/p/iRi3arRML7rb-Quality-Assurance-Specialist-MATGR-For-Engineering-And-Trading-Cairo-Egypt
Odoo Functional Consultant,Confidential -,"Sidi Gaber, Alexandria, Egypt",Full Time,https://wuzzuf.net/jobs/p/6ZwOc90m0AzY-Odoo-Functional-Consultant-Alexandria-Egypt
Accounting Supervisor,Zumra Food -,"Nasr City, Cairo, Egypt",Full Time,https://wuzzuf.net/jobs/p/zwdrk8MqSQZa-Accounting-Supervisor-Zumra-Food-Cairo-Egypt
Senior .Net Software Developer,BI-Technologies -,"New Cairo, Cairo, Egypt",Full Time,https://wuzzuf.net/jobs/p/pwl3THNjA5F8-Senior-Net-Software-Developer-BI-Technologies-Cairo-Egypt
Cost Control Accountant,Outservingplus -,"Imbaba, Giza, Egypt",Full Time,https://wuzzuf.net/jobs/p/G5nRy2q7QSig-Cost-Control-Accountant-Outservingplus-Giza-Egypt
Full Stack Developer,Salem Ventures -,"Maadi, Cairo, Egypt",Full Time,https://wuzzuf.net/jobs/p/B5LuVpitTJYI-Full-Stack-Developer-Salem-Ventures-Cairo-Egypt
ERP Technical Support,TAB ERP Solutions -,"Nasr City, Cairo, Egypt",Full Time,https://wuzzuf.net/jobs/p/7VYM8u9WOGBo-ERP-Technical-Support-TAB-ERP-Solutions-Cairo-Egypt
Tax Accountant,El Nour trading  -,"Haram, Giza, Egypt",Full Time,https://wuzzuf.net/jobs/p/Qz8SHxD7Xo9W-Tax-Accountant-El-Nour-trading-Giza-Egypt
Backend Developers/ Full-stack Developers,Confidential -,"New Cairo, Cairo, Egypt",Full Time,https://wuzzuf.net/jobs/p/AOdceu9Thy9g-Backend-Developers-Full-stack-Developers-Cairo-Egypt
SEO Writer,Afaqy -,"Maadi, Cairo, Egypt",Full Time,https://wuzzuf.net/jobs/p/53z3hwrBPmMS-SEO-Writer-Afaqy-Cairo-Egypt
Senior ERP Consultant,TAB ERP Solutions -,"Nasr City, Cairo, Egypt",Full Time,https://wuzzuf.net/jobs/p/uk6EX1oWxtlU-Senior-ERP-Consultant-TAB-ERP-Solutions-Cairo-Egypt
Full Stack Developer,Confidential -,"Jeddah, Saudi Arabia",Full Time,https://wuzzuf.net/jobs/p/BmmnSv99SXIs-Full-Stack-Developer-Jeddah-Saudi-Arabia
Cost Accountant,Confidential -,"10th of Ramadan City, Sharqia, Egypt",Full Time,https://wuzzuf.net/jobs/p/3L0muc5v1oWI-Cost-Accountant-Sharqia-Egypt
Social Media Specialist,Confidential -,"Alexandria, Egypt",Full Time,https://wuzzuf.net/jobs/p/vkziheXQU8Ud-Social-Media-Specialist-Alexandria-Egypt
Cost Accountant,Centra for medical supplies  -,"6th of October, Giza, Egypt",Full Time,https://wuzzuf.net/jobs/p/0QdFHqiqipqG-Cost-Accountant-Centra-for-medical-supplies-Giza-Egypt
GIS Operator,Confidential -,"Nasr City, Cairo, Egypt",Full Time,https://wuzzuf.net/jobs/p/0HeSgMrz6JeN-GIS-Operator-Cairo-Egypt
Senior Full Stack Developer,Salem Ventures -,"Maadi, Cairo, Egypt",Full Time,https://wuzzuf.net/jobs/p/rSH81ZOeagYD-Senior-Full-Stack-Developer-Salem-Ventures-Cairo-Egypt
Project Admin Coordinator,MENA INTEL -,"Nasr City, Cairo, Egypt",Full Time,https://wuzzuf.net/jobs/p/oE7tm8lJo9QN-Project-Admin-Coordinator-MENA-INTEL-Cairo-Egypt
Full Stack Developer (.Net Core - MVC),Dynamicslink -,"Nasr City, Cairo, Egypt",Full Time,https://wuzzuf.net/jobs/p/81kihO6zXxWY-Full-Stack-Developer-Net-Core---MVC-Dynamicslink-Cairo-Egypt
GIS Team Leader,Confidential -,"Nasr City, Cairo, Egypt",Full Time,https://wuzzuf.net/jobs/p/LBOEL2Qx9p3p-GIS-Team-Leader-Cairo-Egypt
Business Analysis Supervisor,Ibn Sina Pharma -,"New Cairo, Cairo, Egypt",Full Time,https://wuzzuf.net/jobs/p/O5ETFXu1ZNoj-Business-Analysis-Supervisor-Ibn-Sina-Pharma-Cairo-Egypt
System Admin Section Head,Talaat Moustafa Group -,"Madinaty, Cairo, Egypt",Full Time,https://wuzzuf.net/jobs/p/KpGGoo90xncy-System-Admin-Section-Head-Talaat-Moustafa-Group-Cairo-Egypt
Senior Cost Accountant,Sinamix -,"10th of Ramadan City, Sharqia, Egypt",Full Time,https://wuzzuf.net/jobs/p/b15lTHqIIVFl-Senior-Cost-Accountant-Sinamix-Sharqia-Egypt
Senior Performance Management Specialist,Confidential -,"New Cairo, Cairo, Egypt",Full Time,https://wuzzuf.net/jobs/p/mTvN132WMICl-Senior-Performance-Management-Specialist-Cairo-Egypt
Application Support Specialist,Al Ahly Medical Company -,"Giza, Giza, Egypt",Full Time,https://wuzzuf.net/jobs/p/j5RGqun0rNnf-Application-Support-Specialist-Al-Ahly-Medical-Company-Giza-Egypt
FP&A Supervisor,IDH -,"6th of October, Giza, Egypt",Full Time,https://wuzzuf.net/jobs/p/bklPgO9TSICc-FPA-Supervisor-IDH-Giza-Egypt
SEO Expert,Second Step  -,"New Cairo, Cairo, Egypt",Full Time,https://wuzzuf.net/jobs/p/3vjpIAP26CsE-SEO-Expert-Second-Step-Cairo-Egypt
Supply Chain Planning Consultant,Exco Egypt -,"Nasr City, Cairo, Egypt",Full Time,https://wuzzuf.net/jobs/p/8NmBFKM6RV4p-Supply-Chain-Planning-Consultant-Exco-Egypt-Cairo-Egypt
Accounting,SAYYAD Holding  -,"Cairo, Egypt",Full Time,https://wuzzuf.net/jobs/p/HOg6BxVQ3kPG-Accounting-SAYYAD-Holding-Cairo-Egypt
Industrial Cost Accountant,Alfouad for Automotive Spare Parts -,"Ameria, Alexandria, Egypt",Full Time,https://wuzzuf.net/jobs/p/gtDQYnic7nWv-Industrial-Cost-Accountant-Alfouad-for-Automotive-Spare-Parts-Alexandria-Egypt
General Accountant,Icon Dynamics -,"New Cairo, Cairo, Egypt",Full Time,https://wuzzuf.net/jobs/p/zdUAGuhEW5Ff-General-Accountant-Icon-Dynamics-Cairo-Egypt
ERP Project Manager,TAB ERP Solutions -,"Nasr City, Cairo, Egypt",Full Time,https://wuzzuf.net/jobs/p/Eke9EZ8FoXHR-ERP-Project-Manager-TAB-ERP-Solutions-Cairo-Egypt
Software Developer - Full Stack,Capital Guard -,"Sheraton, Cairo, Egypt",Full Time,https://wuzzuf.net/jobs/p/S4gcFIqfQfsj-Software-Developer---Full-Stack-Capital-Guard-Cairo-Egypt
Product Owner,Dimofinf Operations Center -,"Nasr City, Cairo, Egypt",Full Time,https://wuzzuf.net/jobs/p/hZsJNWGy2hfG-Product-Owner-Dimofinf-Operations-Center-Cairo-Egypt
Treasury Manager,Cairo Three A  for Agricultural and Animal Production -,"New Cairo, Cairo, Egypt",Full Time,https://wuzzuf.net/jobs/p/bqK1fTfxOjsE-Treasury-Manager-Cairo-Three-A-for-Agricultural-and-Animal-Production-Cairo-Egypt
Quality Manager - Banking Industry,United Elite Company     -,"Cairo, Egypt",Full Time,https://wuzzuf.net/jobs/p/J2JBbM8wU05k-Quality-Manager---Banking-Industry-United-Elite-Company-Cairo-Egypt
Digital Account Manager,Bishop Integrated Solutions  -,"Glim, Alexandria, Egypt",Full Time,https://wuzzuf.net/jobs/p/uyxp8IHk93M6-Digital-Account-Manager-Bishop-Integrated-Solutions-Alexandria-Egypt
Technical Writer,NOK for Human Capital Solutions -,"Cairo, Egypt",Full Time,https://wuzzuf.net/jobs/p/efEbOJx1vINR-Technical-Writer-NOK-for-Human-Capital-Solutions-Cairo-Egypt
Digital Analytics Specialist,Premium Card -,"Dokki, Giza, Egypt",Full Time,https://wuzzuf.net/jobs/p/aWondUS1ojYe-Digital-Analytics-Specialist-Premium-Card-Giza-Egypt
Senior Oracle Financial Consultant,Cairo Three A  for International Industries. -,"Cairo, Egypt",Full Time,https://wuzzuf.net/jobs/p/JBCvUhuPmusy-Senior-Oracle-Financial-Consultant-Cairo-Three-A-for-International-Industries-Cairo-Egypt
Oracle ADF Developer,Ithmaar Integrated Solutions -,"Sheikh Zayed, Giza, Egypt",Full Time,https://wuzzuf.net/jobs/p/sd5KQbLWUSph-Oracle-ADF-Developer-Ithmaar-Integrated-Solutions-Giza-Egypt
Senior Cost Accountant | SAP User,Cairoscan -,"Mohandessin, Giza, Egypt",Full Time,https://wuzzuf.net/jobs/p/yEd2NTnKV15J-Senior-Cost-Accountant-SAP-User-Cairoscan-Giza-Egypt
Service Operations Supervisor (Business Development),Elsaba AutoService -,"New Cairo, Cairo, Egypt",Full Time,https://wuzzuf.net/jobs/p/l4sLDoHBE2Sm-Service-Operations-Supervisor-Business-Development-Elsaba-AutoService-Cairo-Egypt
Financial Director,Confidential -,"Nasr City, Cairo, Egypt",Full Time,https://wuzzuf.net/jobs/p/4ObuuB7D0KaW-Financial-Director-Cairo-Egypt
SAP Application Manager,Confidential -,"Giza, Giza, Egypt",Full Time,https://wuzzuf.net/jobs/p/mdUqKTrv5lKm-SAP-Application-Manager-Giza-Egypt
Senior Media Buyer,IM business solutions -,"Madinaty, Cairo, Egypt",Full Time,https://wuzzuf.net/jobs/p/jwyBvfaPdUnh-Senior-Media-Buyer-IM-business-solutions-Cairo-Egypt
Technical Lead- Java,Egabi FSI -,"Sheraton, Cairo, Egypt",Full Time,https://wuzzuf.net/jobs/p/uIFvAufumMIv-Technical-Lead--Java-Egabi-FSI-Cairo-Egypt
Senior Internal Auditor,Anchor Consultancy -,"Obour City, Cairo, Egypt",Full Time,https://wuzzuf.net/jobs/p/jOhAsUZNaN8s-Senior-Internal-Auditor-Anchor-Consultancy-Cairo-Egypt
Odoo Functional Consultant,Algoriza -,"6th of October, Giza, Egypt",Full Time,https://wuzzuf.net/jobs/p/tpFi3PLNpNHQ-Odoo-Functional-Consultant-Algoriza-Giza-Egypt
Senior SEO Specialist,Fantastic Services -,"Maadi, Cairo, Egypt",Full Time,https://wuzzuf.net/jobs/p/dZxLgXa2JNg2-Senior-SEO-Specialist-Fantastic-Services-Cairo-Egypt
Market Researcher,Infotech -,"Nasr City, Cairo, Egypt",Full Time,https://wuzzuf.net/jobs/p/8PCamXlByNAV-Market-Researcher-Infotech-Cairo-Egypt
Sr. Software Business Analysis,Safa Soft -,"Maadi, Cairo, Egypt",Full Time,https://wuzzuf.net/jobs/p/by2bi5esq26c-Sr-Software-Business-Analysis-Safa-Soft-Cairo-Egypt
Full Stack Developer,Greens247 -,"Maadi, Cairo, Egypt",Full Time,https://wuzzuf.net/jobs/p/Fy5ZO5fwgsX2-Full-Stack-Developer-Greens247-Cairo-Egypt
Investment Manager,Chubb life Insurance -,"New Cairo, Cairo, Egypt",Full Time,https://wuzzuf.net/jobs/p/IqFMMY8ZcnZX-Investment-Manager-Chubb-life-Insurance-Cairo-Egypt
UI UX Designer,Mashura Consultants -,"Katameya, Cairo, Egypt",Full Time,https://wuzzuf.net/jobs/p/zeohpVkitWxs-UI-UX-Designer-Mashura-Consultants-Cairo-Egypt
"Full time Senior ASP Net Core, Blazor Full Stack Developer-2",Sinmar Soft   -,"New Nozha, Cairo, Egypt",Full Time,https://wuzzuf.net/jobs/p/VxcWX92hM6c2-Full-time-Senior-ASP-Net-Core-Blazor-Full-Stack-Developer-2-Sinmar-Soft-Cairo-Egypt
Senior Financial Modeller,London International Patient Services -,"Heliopolis, Cairo, Egypt",Full Time,https://wuzzuf.net/jobs/p/sChTOsO0mWyy-Senior-Financial-Modeller-London-International-Patient-Services-Cairo-Egypt
Quality Control Manager,ELHODA Trade & Supples -,"Badr City, Cairo, Egypt",Full Time,https://wuzzuf.net/jobs/p/uvKae37V7Y5o-Quality-Control-Manager-ELHODA-Trade-Supples-Cairo-Egypt
Senior Full Stack ASP.NET Developer,OrobaSoft -,"Cairo, Egypt",Full Time,https://wuzzuf.net/jobs/p/qEmdmthfCZVp-Senior-Full-Stack-ASPNET-Developer-OrobaSoft-Cairo-Egypt
WFM Assistant Manager,Giza Systems -,"New Cairo, Cairo, Egypt",Full Time,https://wuzzuf.net/jobs/p/j04BJ66TYtYp-WFM-Assistant-Manager-Giza-Systems-Cairo-Egypt
R&D Formulation Specialist,APEX Pharma -,"Rabigh, Saudi Arabia",Full Time,https://wuzzuf.net/jobs/p/hY8qI60YIrzG-RD-Formulation-Specialist-APEX-Pharma-Rabigh-Saudi-Arabia
Research Associate,CTI Clinical Trial and Consulting Services -,"Riyadh, Saudi Arabia",Full Time,https://wuzzuf.net/jobs/p/g/zmhwHbIjDZP2-Research-Associate-CTI-Clinical-Trial-and-Consulting-Services-Riyadh-Saudi-Arabia
Business Market Researcher,MENA INTEL -,"Nasr City, Cairo, Egypt",Full Time,https://wuzzuf.net/jobs/p/sO1lo9Hz6OLk-Business-Market-Researcher-MENA-INTEL-Cairo-Egypt
Budgeting & Costing consultant,Exco Egypt -,"Nasr City, Cairo, Egypt",Full Time,https://wuzzuf.net/jobs/p/WW24ATDDLYQM-Budgeting-Costing-consultant-Exco-Egypt-Cairo-Egypt
Search Engine Optimization Specialist,blackcat media -,"Cairo, Egypt",Full Time,https://wuzzuf.net/jobs/p/mdNoFjbj4aWK-Search-Engine-Optimization-Specialist-blackcat-media-Cairo-Egypt
Senior Risk Officer (Finance or Banking Experience),Erada -,"Maadi, Cairo, Egypt",Full Time,https://wuzzuf.net/jobs/p/nILHsA66aGsQ-Senior-Risk-Officer-Finance-or-Banking-Experience-Erada-Cairo-Egypt
Functional Consultant CRM - Microsoft Dynamics 365,Cubic Information Systems -,"New Cairo, Cairo, Egypt",Full Time,https://wuzzuf.net/jobs/p/QGi7fVBMwTpx-Functional-Consultant-CRM---Microsoft-Dynamics-365-Cubic-Information-Systems-Cairo-Egypt
Geospatial and Land Surveyor Specialist,Exco Egypt -,"Nasr City, Cairo, Egypt",Full Time,https://wuzzuf.net/jobs/p/sZWJuR277B6L-Geospatial-and-Land-Surveyor-Specialist-Exco-Egypt-Cairo-Egypt
Senior ERP Developer,Algoriza -,"Giza, Egypt",Full Time,https://wuzzuf.net/jobs/p/v12oGTO13ZsE-Senior-ERP-Developer-Algoriza-Giza-Egypt
Marketing Team Leader,LAMA Medical -,"Maadi, Cairo, Egypt",Full Time,https://wuzzuf.net/jobs/p/ve04jkwZ5tON-Marketing-Team-Leader-LAMA-Medical-Cairo-Egypt
Commercial Accountant,Kellogg Tolaram Noodles Egypt LLC -,"6th of October, Giza, Egypt",Full Time,https://wuzzuf.net/jobs/p/8o3ROazQPiGO-Commercial-Accountant-Kellogg-Tolaram-Noodles-Egypt-LLC-Giza-Egypt
Researcher,Projecs International -,"Sheikh Zayed, Giza, Egypt",Full Time,https://wuzzuf.net/jobs/p/YT5GwZdmM9Ri-Researcher-Projecs-International-Giza-Egypt
UI UX Researcher,classera -,"New Cairo, Cairo, Egypt",Full Time,https://wuzzuf.net/jobs/p/f3Et1JmQGz4v-UI-UX-Researcher-classera-Cairo-Egypt
QC Manager,Confidential -,"6th of October, Giza, Egypt",Full Time,https://wuzzuf.net/jobs/p/5GfMEfJgi22u-QC-Manager-Giza-Egypt
Risk Assistant Manager,A.T Lease Egypt -,"Sheikh Zayed, Giza, Egypt",Full Time,https://wuzzuf.net/jobs/p/wkLKbYdU60BE-Risk-Assistant-Manager-A-T-Lease-Egypt-Giza-Egypt
Research Assistant,TAZWEED EMPLOYMENT SERVICES -,"Dubai, United Arab Emirates",Full Time,https://wuzzuf.net/jobs/p/g/CzAWH115jmWQ-Research-Assistant-TAZWEED-EMPLOYMENT-SERVICES-Dubai-United-Arab-Emirates
AI Engineer,Jadeer -,"Riyadh, Saudi Arabia",Full Time,https://wuzzuf.net/jobs/p/g/jQz5fHI2k6zz-AI-Engineer-Jadeer-Riyadh-Saudi-Arabia
Credit Analysis Assistant Manager,A.T Lease Egypt -,"Sheikh Zayed, Giza, Egypt",Full Time,https://wuzzuf.net/jobs/p/We8OFnrLA69s-Credit-Analysis-Assistant-Manager-A-T-Lease-Egypt-Giza-Egypt
Junior UX Researcher (Remote),Kreativstorm -,"Makkah, Saudi Arabia",Part Time,https://wuzzuf.net/jobs/p/g/p8F7COIpGVVP-Junior-UX-Researcher-Remote-Kreativstorm-Makkah-Saudi-Arabia
Oracle DBA Lead,Virtusa -,"Doha, Qatar",Full Time,https://wuzzuf.net/jobs/p/g/fM8odEVanwX4-Oracle-DBA-Lead-Virtusa-Doha-Qatar
ATM Testing,Virtusa -,"Dubai, United Arab Emirates",Full Time,https://wuzzuf.net/jobs/p/g/Rk59RGnAwRED-ATM-Testing-Virtusa-Dubai-United-Arab-Emirates
Power BI developer,Virtusa -,"Doha, Qatar",Full Time,https://wuzzuf.net/jobs/p/g/Bff4wn9LcHz3-Power-BI-developer-Virtusa-Doha-Qatar
Software Engineer,I.R.E -,"Makkah, Saudi Arabia",Full Time,https://wuzzuf.net/jobs/p/g/cxBU6bDqyna7-Software-Engineer-I-R-E-Makkah-Saudi-Arabia
Business Development Specialist (Expats),MVC Resources -,"Riyadh, Saudi Arabia",Full Time,https://wuzzuf.net/jobs/p/g/iBOyVPY3UjnS-Business-Development-Specialist-Expats-MVC-Resources-Riyadh-Saudi-Arabia
Finance Business Partner- Supply Chain,Food People -,"Riyadh, Saudi Arabia",Full Time,https://wuzzuf.net/jobs/p/g/cFF0p3cvOpCn-Finance-Business-Partner--Supply-Chain-Food-People-Riyadh-Saudi-Arabia
Dot Net Lead/Architect,Virtusa -,"Doha, Qatar",Full Time,https://wuzzuf.net/jobs/p/g/TwLVFOIHsFyn-Dot-Net-LeadArchitect-Virtusa-Doha-Qatar
Financial Planning & Budgeting Specialist,Saudi Contractors Authority الهيئة السعودية للمقاولين -,"Riyadh, Saudi Arabia",Full Time,https://wuzzuf.net/jobs/p/g/qsPWhYss4O4G-Financial-Planning-Budgeting-Specialist-Saudi-Contractors-Authority-الهيئة-السعودية-للمقاولين-Riyadh-Saudi-Arabia
Scrum Master,Virtusa -,"Dubai, United Arab Emirates",Full Time,https://wuzzuf.net/jobs/p/g/merKoOFZWAvt-Scrum-Master-Virtusa-Dubai-United-Arab-Emirates
BA - Acquiring & Remittance,Expleo Group -,"Dubai, United Arab Emirates",Full Time,https://wuzzuf.net/jobs/p/g/AeWVJ5yHNGQ3-BA---Acquiring-Remittance-Expleo-Group-Dubai-United-Arab-Emirates
Engagement Manager,JLL -,"Riyadh, Saudi Arabia",Full Time,https://wuzzuf.net/jobs/p/g/HPiv4khQM9Lk-Engagement-Manager-JLL-Riyadh-Saudi-Arabia
Adobe Analytics,Cognizant -,"Dubai, United Arab Emirates",Full Time,https://wuzzuf.net/jobs/p/g/hEnSGMrs7RN1-Adobe-Analytics-Cognizant-Dubai-United-Arab-Emirates
DevOps Engineer,Virtusa -,"Dubai, United Arab Emirates",Full Time,https://wuzzuf.net/jobs/p/g/iHz2ePDeY4Sw-DevOps-Engineer-Virtusa-Dubai-United-Arab-Emirates
Graduate Traffic Engineer,HDR -,"Riyadh, Saudi Arabia",Full Time,https://wuzzuf.net/jobs/p/g/8CwkbxpNsmg0-Graduate-Traffic-Engineer-HDR-Riyadh-Saudi-Arabia
Review & Objections Senior Specialist,"Zakat, Tax and Customs Authority -","Riyadh, Saudi Arabia",Full Time,https://wuzzuf.net/jobs/p/g/G6mhhqTlTwAs-Review-Objections-Senior-Specialist-Zakat-Tax-and-Customs-Authority-Riyadh-Saudi-Arabia
Shariah Senior Researcher,"Zakat, Tax and Customs Authority -","Riyadh, Saudi Arabia",Full Time,https://wuzzuf.net/jobs/p/g/hOJKMGRDaOxr-Shariah-Senior-Researcher-Zakat-Tax-and-Customs-Authority-Riyadh-Saudi-Arabia
Pharmaceutical Research Specialist,Intoude Foundation Too -,"Kuwait City, Kuwait",Full Time,https://wuzzuf.net/jobs/p/g/enqSBnVbtLDX-Pharmaceutical-Research-Specialist-Intoude-Foundation-Too-Kuwait-City-Kuwait
Pharmaceutical Research Specialist,Voli_Agency _LLC -,"Riyadh, Saudi Arabia",Full Time,https://wuzzuf.net/jobs/p/g/QFrUWb2yZ0QU-Pharmaceutical-Research-Specialist-VoliAgency-LLC-Riyadh-Saudi-Arabia
AI Engineer,CharCentric -,"Dubai, United Arab Emirates",Full Time,https://wuzzuf.net/jobs/p/g/BGAspIyLC4hk-AI-Engineer-CharCentric-Dubai-United-Arab-Emirates
"CKSA - Credit Control Specialist, Riyadh (Saudi National)",Canon EMEA -,"Riyadh, Saudi Arabia",Full Time,https://wuzzuf.net/jobs/p/g/BU1smRZTrRhx-CKSA---Credit-Control-Specialist-Riyadh-Saudi-National-Canon-EMEA-Riyadh-Saudi-Arabia
"Fullstack Developer (Nodejs, ReactJs)",Virtusa -,"Dubai, United Arab Emirates",Full Time,https://wuzzuf.net/jobs/p/g/ev4uBzFTHXDk-Fullstack-Developer-Nodejs-ReactJs-Virtusa-Dubai-United-Arab-Emirates
Demand & Supply Planner ME,Beiersdorf -,"Dubai, United Arab Emirates",Full Time,https://wuzzuf.net/jobs/p/g/1U4zozGfmSj2-Demand-Supply-Planner-ME-Beiersdorf-Dubai-United-Arab-Emirates
Growth Marketer - Liquidity (EU Remote),Keyrock -,"Dubai, United Arab Emirates",Full Time,https://wuzzuf.net/jobs/p/g/d1tcNfCu8aO6-Growth-Marketer---Liquidity-EU-Remote-Keyrock-Dubai-United-Arab-Emirates
Costing Accountant - Temporary Contract,Lifera -,"Riyadh, Saudi Arabia",Freelance / Project,https://wuzzuf.net/jobs/p/g/TGhblVdSwN8P-Costing-Accountant---Temporary-Contract-Lifera-Riyadh-Saudi-Arabia
Assistant Finance Manager | Automotive | United Diesel,Al Rostamani Group -,"Dubai, United Arab Emirates",Full Time,https://wuzzuf.net/jobs/p/g/UoHl37kA7gSt-Assistant-Finance-Manager-Automotive-United-Diesel-Al-Rostamani-Group-Dubai-United-Arab-Emirates
TMT Senior Researcher,MINDFREE CONSULTING AND RECRUITMENT ME -,"Riyadh, Saudi Arabia",Full Time,https://wuzzuf.net/jobs/p/g/3tzDSsM0kawt-TMT-Senior-Researcher-MINDFREE-CONSULTING-AND-RECRUITMENT-ME-Riyadh-Saudi-Arabia
Pharmaceutical Research Specialist,Intoude Foundation -,"Kuwait City, Kuwait",Full Time,https://wuzzuf.net/jobs/p/g/B3SOKklFnumU-Pharmaceutical-Research-Specialist-Intoude-Foundation-Kuwait-City-Kuwait
Finacle Development & Support Engineer (Core Banking),Expleo Group -,"Dubai, United Arab Emirates",Full Time,https://wuzzuf.net/jobs/p/g/5rUBETwBTpMo-Finacle-Development-Support-Engineer-Core-Banking-Expleo-Group-Dubai-United-Arab-Emirates
Downstream Business Development Lead (Expats),MVC Resources -,"Riyadh, Saudi Arabia",Full Time,https://wuzzuf.net/jobs/p/g/uyW9U4lMj54Z-Downstream-Business-Development-Lead-Expats-MVC-Resources-Riyadh-Saudi-Arabia
Sr. Specialist - Projects & Performance,talabat -,"Doha, Qatar",Full Time,https://wuzzuf.net/jobs/p/g/wCE5muW9l7md-Sr-Specialist---Projects-Performance-talabat-Doha-Qatar
Associate - Financial Restructuring (Dubai),Houlihan Lokey -,"Dubai, United Arab Emirates",Full Time,https://wuzzuf.net/jobs/p/g/qHxfWGgokYX7-Associate---Financial-Restructuring-Dubai-Houlihan-Lokey-Dubai-United-Arab-Emirates
International Private Bank - Business Management Specialist (Global South Asia-Africa) - AVP,Jobs via eFinancialCareers -,"Dubai, United Arab Emirates",Full Time,https://wuzzuf.net/jobs/p/g/imKolKl8oF26-International-Private-Bank---Business-Management-Specialist-Global-South-Asia-Africa---AVP-Jobs-via-eFinancialCareers-Dubai-United-Arab-Emirates
HR Specialist,BSL - BAE Systems Strategic Aerospace Services WLL -,"Doha, Qatar",Full Time,https://wuzzuf.net/jobs/p/g/uB2zEdhfvjuu-HR-Specialist-BSL---BAE-Systems-Strategic-Aerospace-Services-WLL-Doha-Qatar
Tax | Business Tax | Senior Associate,Jobs via eFinancialCareers -,"Kuwait City, Kuwait",Full Time,https://wuzzuf.net/jobs/p/g/a4RQa4VAlkvS-Tax-Business-Tax-Senior-Associate-Jobs-via-eFinancialCareers-Kuwait-City-Kuwait
Tax | Business Tax | Assistant Manager,Jobs via eFinancialCareers -,"Kuwait City, Kuwait",Full Time,https://wuzzuf.net/jobs/p/g/zTgVzVgzSiFY-Tax-Business-Tax-Assistant-Manager-Jobs-via-eFinancialCareers-Kuwait-City-Kuwait
Business Change Manager,DSV - Global Transport and Logistics -,"Riyadh, Saudi Arabia",Full Time,https://wuzzuf.net/jobs/p/g/2o13v7ItH9mb-Business-Change-Manager-DSV---Global-Transport-and-Logistics-Riyadh-Saudi-Arabia
Head of HR – Saudi Arabia & Central Asia,Thales -,"Riyadh, Saudi Arabia",Full Time,https://wuzzuf.net/jobs/p/g/6qUeyXbK0rdR-Head-of-HR-–-Saudi-Arabia-Central-Asia-Thales-Riyadh-Saudi-Arabia
Technical Success Manager,Stats Perform -,"Doha, Qatar",Full Time,https://wuzzuf.net/jobs/p/g/yLu2vMU4MKwk-Technical-Success-Manager-Stats-Perform-Doha-Qatar
Product Manager,Toptal -,"Riyadh, Saudi Arabia",Full Time,https://wuzzuf.net/jobs/p/g/v4D5gA1jCDjR-Product-Manager-Toptal-Riyadh-Saudi-Arabia
Cyber Security,GovCIO -,"Kuwait City, Kuwait",Full Time,https://wuzzuf.net/jobs/p/g/ZpNndEzyp9H4-Cyber-Security-GovCIO-Kuwait-City-Kuwait
People Partner Bi-lingual,Hill & Knowlton -,"Dubai, United Arab Emirates",Full Time,https://wuzzuf.net/jobs/p/g/pp3hak9ByK2L-People-Partner-Bi-lingual-Hill-Knowlton-Dubai-United-Arab-Emirates
